LBP_0,LBP_1,LBP_2,LBP_3,LBP_4,LBP_5,LBP_6,LBP_7,LBP_8,LBP_9,Label
463,1036,647,1897,3686,2691,1350,1104,1510,1969,0
358,1008,573,2539,3584,3704,1724,1518,1954,2526,0
390,850,492,1604,2758,2543,1188,976,1411,1578,0
594,1153,701,1932,2986,2592,1608,1402,2008,2224,0
529,1127,736,2389,3981,3430,1634,1173,1768,2421,0
459,1044,558,1828,3165,2710,1369,1188,1798,1937,0
537,1029,696,2283,3909,3237,1680,1222,2064,1843,0
381,974,635,2364,3938,3213,1616,1186,1950,1607,0
475,1036,670,2152,4101,3035,1363,1128,1799,1699,0
497,958,649,1894,2932,2694,1352,1040,1620,1742,0
504,1134,731,2036,3441,2925,1613,1405,1485,2276,0
369,913,484,1875,3432,3062,1484,1061,1857,2038,0
638,1101,838,2090,3003,2782,1528,1280,1938,2130,0
579,1118,796,2223,3243,2956,1624,1230,1679,1976,0
591,1111,786,2071,2696,2619,1523,1233,1784,2036,0
487,1018,666,1849,3190,2698,1378,1087,1467,2150,0
453,1029,576,2085,3533,2839,1328,1074,1600,2123,0
546,1001,708,1651,2291,2214,1390,1221,1648,1882,0
563,1113,704,2078,3500,2926,1653,1261,1977,2201,0
437,878,635,2349,3811,3355,1697,1123,2083,1699,0
601,1181,800,2138,3522,3244,1652,1403,2045,2314,0
487,1085,716,2130,3248,3000,1716,1216,1911,1971,0
592,1210,854,2116,3544,2917,1539,1376,1838,2344,0
440,945,629,1767,3117,2667,1364,1050,1620,1801,0
618,1190,891,2324,3114,3094,1792,1383,2118,2964,0
469,1125,686,2016,3495,2760,1389,1215,1505,2116,0
493,1089,667,2187,3809,3440,1756,1282,1998,1927,0
603,1134,803,2381,3176,3128,1876,1440,2085,2152,0
544,1190,679,1873,3054,2568,1580,1275,1943,1954,0
452,1023,591,1944,3209,2904,1345,1211,1787,1950,0
479,1050,614,2323,4065,3397,1722,1223,1950,1873,0
421,1000,541,2231,3356,3191,1754,1294,2090,1970,0
685,1107,831,2017,2964,2631,1558,1372,1763,2592,0
439,995,632,2036,3363,2991,1506,1182,1800,1672,0
466,826,514,1399,1992,1967,1124,893,1353,1625,0
406,901,578,2155,3386,3195,1643,1204,1910,1782,0
436,926,603,1982,3479,2894,1422,1062,1639,2277,0
461,1027,627,2309,3348,3471,1664,1180,1999,1834,0
510,1158,670,2027,3176,2897,1599,1320,1938,2033,0
481,966,600,2231,3637,3235,1629,1191,1957,1838,0
596,1063,785,2010,2730,2781,1606,1242,1667,2080,0
622,1248,777,2383,3416,3336,1972,1461,2253,2356,0
655,1374,895,2258,3547,2996,1636,1387,1887,2957,0
576,1121,803,2188,3234,3005,1710,1409,2022,2172,0
502,1070,690,1931,2686,2560,1655,1233,1874,2079,0
443,905,552,1687,2558,2474,1421,1062,1729,1728,0
446,956,648,1955,2660,2661,1466,1097,1707,1740,0
448,981,688,2382,3485,3380,1691,1195,2044,1738,0
547,1038,717,2275,3242,3018,1524,1374,1673,2541,0
550,1075,632,1705,2576,2362,1411,1168,1745,1887,0
424,993,596,2402,3897,3796,1591,1132,2089,1786,0
428,925,588,2004,3278,3154,1462,1016,1744,1721,0
541,1160,699,2218,3635,3066,1528,1301,1947,1993,0
498,1145,670,1989,3511,2770,1621,1372,1908,2054,0
251,736,418,1755,2797,2654,1189,908,1637,1223,0
440,1034,613,2230,4063,3465,1671,1241,1922,1885,0
453,1113,665,2273,3778,3511,1655,1300,2247,1929,0
524,994,700,2196,3278,2914,1470,1221,1910,1887,0
650,1149,780,2312,3184,3056,1592,1361,2030,2686,0
535,1190,779,2347,3537,3269,1744,1330,2192,2183,0
268,711,458,2099,3199,3233,1387,1045,1901,1359,0
559,1090,731,2169,3058,3005,1793,1313,1977,2015,0
363,934,503,1902,3127,2875,1512,1123,1835,1634,0
646,1076,835,2107,2991,2639,1580,1191,1903,2209,0
489,1116,738,2233,3385,3141,1654,1302,1925,2017,0
470,901,725,1732,2580,2476,1327,1065,1402,2022,0
450,1092,632,2316,4145,3378,1626,1245,1880,1956,0
511,1022,618,1454,2543,2082,1160,1067,1526,1752,0
423,980,549,1953,3072,2897,1403,1099,2058,1886,0
517,1071,747,2321,3327,3235,1614,1253,1949,2046,0
218,746,313,1632,2682,2642,1185,929,1773,1236,0
332,814,439,1727,2951,2778,1281,900,1524,1394,0
570,1069,846,2282,3547,3124,1648,1228,1607,2329,0
514,940,633,1759,2685,2409,1205,1063,1377,2325,0
573,1148,727,2330,3441,3351,1756,1406,2132,2064,0
407,927,553,2081,3590,3080,1506,1122,1613,1711,0
592,991,668,1758,2672,2193,1179,1144,1389,2170,0
418,983,557,2068,3641,3194,1672,1281,1813,2052,0
557,1200,724,2251,3600,3147,1610,1303,1859,2027,0
480,968,616,1779,3044,2580,1277,1056,1303,2039,0
354,890,476,1816,2980,2849,1409,1073,1768,1617,0
327,771,462,1608,2922,2708,1221,962,1588,1361,0
549,1278,733,2157,3632,3178,1630,1420,2031,2112,0
539,1115,757,2151,3141,2991,1666,1250,1879,1926,0
389,775,366,1447,2686,2510,1178,969,1562,1537,0
438,834,564,1648,2944,2362,1102,1017,1401,1578,0
448,1102,607,2065,2954,3050,1529,1233,2023,1963,0
518,916,690,1864,2882,2583,1405,1151,1621,1840,0
592,1098,664,1754,2486,2317,1362,1205,1773,2405,0
771,1265,853,2039,2827,2614,1576,1412,1924,2275,0
380,938,582,2452,3718,3479,1528,1240,2191,1664,0
587,1057,799,1962,2805,2493,1521,1291,1741,2040,0
660,1130,852,2099,3576,2915,1436,1321,1548,2475,0
485,989,639,2122,3141,3067,1545,1262,1971,2107,0
479,961,709,2202,3372,3078,1582,1175,1647,1760,0
514,1001,606,1993,2996,2932,1387,1146,1557,2370,0
536,1092,642,1918,3020,2680,1529,1327,1752,2514,0
481,998,690,2148,3628,2901,1536,1156,1661,1816,0
471,1050,697,1984,3259,2871,1624,1196,1863,1895,0
494,1086,658,2119,3617,3220,1576,1306,2053,1961,0
549,1190,626,1989,3385,3060,1522,1324,2152,2111,0
579,1173,811,2377,3533,3101,1694,1387,2112,2161,0
491,1037,654,1912,3487,2763,1414,1217,1738,1775,0
321,713,388,1649,3198,2702,1233,859,1589,1424,0
641,1203,849,2297,3547,2964,1670,1429,1856,2240,0
451,1052,560,1893,3062,2979,1493,1289,1799,1914,0
509,1098,718,2198,3089,3092,1683,1204,1936,2011,0
508,1115,731,2531,4015,3598,1891,1295,2077,2083,0
407,1008,605,2153,3242,3108,1595,1124,1910,1817,0
429,940,553,1715,2930,2515,1345,1095,1590,1707,0
585,1122,722,1859,2925,2484,1407,1374,1706,2241,0
709,1288,916,2252,3155,2924,1812,1484,2009,2411,0
560,1088,699,2018,3376,2822,1462,1228,1781,2109,0
379,929,431,2228,3546,3420,1544,1359,1997,2107,0
497,1110,744,2363,3762,3384,1723,1370,2066,2085,0
454,974,600,1835,2774,2678,1398,1019,1719,2129,0
692,1135,895,2323,3261,3028,1728,1469,1882,2481,0
539,997,622,1668,2576,2249,1417,1084,1656,1848,0
506,1046,693,1930,3461,2523,1358,1140,1633,1667,0
424,980,518,1829,3011,2776,1427,1105,1849,1789,0
259,725,400,1813,2961,2885,1214,920,1837,1268,0
425,953,501,1666,2869,2580,1341,1112,1462,1875,0
709,1288,904,2360,3419,2913,1848,1639,2307,2485,0
480,1000,641,1996,3382,2939,1438,1229,1606,1865,0
583,1064,762,1983,2920,2679,1532,1259,1790,2003,0
512,903,605,1680,2826,2356,1179,1067,1261,2163,0
632,1060,816,2243,3472,2988,1605,1253,1761,1964,0
688,1206,882,2184,2895,2880,1689,1379,2016,2421,0
445,1116,687,2089,3491,2957,1490,1222,1921,1910,0
538,966,736,2186,3427,3096,1472,1231,1798,1944,0
579,1084,797,2205,3177,3036,1619,1238,1920,2165,0
398,877,599,1828,2848,2601,1389,1002,1581,1661,0
508,1165,770,1961,3429,2712,1527,1215,1730,2236,0
484,1004,694,2240,3509,3116,1734,1297,1955,1875,0
482,1096,731,2465,4076,3352,1671,1296,1894,1735,0
602,1232,854,2464,3365,3126,1763,1339,1901,2152,0
435,977,646,1926,3099,2605,1372,1110,1557,1717,0
498,997,751,2310,3404,3218,1595,1093,1865,2044,0
521,1268,768,2165,3547,2811,1626,1481,2086,2109,0
312,720,486,1854,3592,3014,1180,894,1355,1261,0
538,1106,747,2259,3208,2998,1702,1354,2129,2159,0
288,786,469,2278,3319,3504,1653,1178,2293,1528,0
543,1093,734,2327,3673,3444,1832,1377,2096,2057,0
338,732,513,1686,3118,2758,1261,875,1336,1459,0
386,770,459,1762,3365,3012,1373,980,1689,1974,0
545,1103,637,2038,3628,3031,1497,1317,2005,1983,0
452,853,623,2040,3094,2931,1324,1122,1578,1674,0
521,1171,715,2398,3869,3219,1679,1413,2131,2154,0
604,1102,799,2068,2950,2624,1534,1310,1437,2640,0
420,999,597,2148,3707,3233,1700,1223,1864,1871,0
526,1127,635,1790,3086,2828,1484,1281,1691,2269,0
434,772,540,1782,2930,2704,1209,906,1362,1505,0
319,749,412,1391,2613,2312,1115,938,1419,1395,0
513,985,660,2264,3844,3140,1577,1220,1874,1831,0
522,992,628,1929,3025,2803,1668,1316,1965,1988,0
554,1022,659,1695,2578,2271,1325,1081,1484,2451,0
512,1085,659,2114,3110,2942,1674,1225,2042,2077,0
381,980,443,1811,2894,2837,1546,1035,2004,1732,0
766,1274,886,2249,3429,2931,1607,1416,2031,2675,0
557,925,704,1986,3071,2702,1406,1160,1708,1794,0
637,1222,756,2233,3309,3146,1789,1402,2046,2340,0
601,1065,737,1966,2623,2564,1448,1329,1748,2431,0
500,1202,624,1817,2852,2670,1518,1236,1664,2050,0
602,1070,762,2025,3026,2803,1541,1458,1639,2375,0
509,1049,690,1993,3174,3103,1654,1297,1885,2118,0
403,917,501,1725,3240,2818,1349,1113,1714,1769,0
659,1204,847,2190,3010,3037,1810,1413,2005,2685,0
470,1018,723,2349,4199,3646,1694,1296,2079,1960,0
570,936,681,1941,3070,2906,1516,1218,1828,2058,0
375,941,512,1913,3452,3407,1571,1145,1576,1752,0
464,987,632,2203,3108,3125,1677,1198,2273,1883,0
655,1196,835,2068,3035,2775,1600,1312,2031,2355,0
581,1157,813,2429,3928,3175,1727,1259,1924,2083,0
590,1072,823,2285,3559,3212,1756,1289,2022,2184,0
565,1084,769,2026,3289,2663,1349,1236,1580,2833,0
627,1091,732,1891,3182,2729,1594,1278,1852,2118,0
442,952,604,2170,3483,2845,1526,1079,1763,1856,0
530,1184,657,2108,3633,3198,1592,1402,1957,2435,0
292,912,516,2311,3067,3421,1606,1239,2434,1668,0
493,1178,744,2524,4048,3941,1938,1423,2219,2062,0
540,1029,764,2149,3081,2941,1680,1322,1941,1997,0
340,803,447,1820,3044,2712,1278,1005,1575,1601,0
530,1252,727,1914,3058,2724,1673,1428,2081,2230,0
310,818,486,1645,2891,2652,1157,910,1324,1810,0
608,1193,749,2034,3223,2954,1722,1439,2137,2111,0
671,1164,812,2282,3449,3063,1685,1431,2012,2231,0
416,946,563,2062,3452,3229,1548,1272,1957,1835,0
501,1025,595,1486,2163,2130,1269,1066,1580,1985,0
680,1121,775,1835,2638,2374,1524,1276,1801,2108,0
455,1027,660,2073,3334,3002,1620,1240,2103,1946,0
475,1112,572,2060,3635,3115,1347,1259,1533,2412,0
279,775,433,1845,3032,2764,1282,1032,1823,1321,0
495,929,690,1857,2879,2524,1289,1114,1752,1715,0
632,1181,770,1958,2964,2697,1420,1264,1694,2556,0
409,1005,620,2350,3101,3404,1710,1297,2113,1918,0
457,1076,595,2360,3992,3643,1678,1366,2012,2165,0
357,888,499,1658,2996,2773,1330,985,1682,1616,0
724,1219,948,2378,3341,3229,1826,1542,2113,2588,0
479,1065,581,1664,2705,2274,1276,1132,1470,2033,0
445,1008,660,2380,3990,3546,1717,1249,2033,1845,0
359,863,434,1907,3087,2962,1337,1020,1562,1947,0
451,928,663,2277,4182,3435,1725,1138,1831,1670,0
474,1001,651,1988,2963,2851,1561,1157,1849,1885,0
511,1110,730,2160,4125,2821,1408,1247,1646,1738,0
519,1139,639,2072,3608,3197,1413,1344,2017,1872,0
476,1018,664,2245,4466,3567,1555,1247,1729,1738,0
590,973,717,1753,2606,2407,1415,1196,1547,2350,0
508,1060,728,2189,3169,3052,1488,1159,1787,1864,0
513,1129,745,2353,3799,3295,1800,1325,2066,2571,0
526,1036,697,2094,2920,2780,1566,1291,1915,2085,0
484,1010,691,2027,2985,2862,1709,1280,1876,1982,0
531,1260,725,2154,3858,3310,1580,1518,2230,2384,0
489,1080,660,1961,3335,2694,1383,1200,1730,1798,0
415,917,492,1764,3134,2922,1454,1218,1784,1744,0
714,1247,914,2176,2795,2946,1762,1422,2105,2387,0
670,1305,833,2046,3068,2727,1639,1414,1966,2260,0
591,1114,705,1744,2596,2499,1577,1165,1999,2510,0
477,953,665,2141,3785,3046,1625,1150,1721,1717,0
530,1067,781,2205,3075,2810,1639,1259,1798,1936,0
365,844,455,1856,3734,3180,1386,1077,1578,1644,0
565,1251,731,2129,3359,3122,1691,1410,2024,2594,0
342,717,428,1891,3523,3021,1415,943,1610,1497,0
473,1021,718,2218,3560,3229,1609,1176,1969,1985,0
430,941,647,2145,3490,2935,1560,1082,1781,1658,0
543,1010,726,1917,2971,2714,1434,1072,1605,1912,0
403,879,609,1610,2577,2251,1270,1013,1400,2064,0
534,1081,768,2189,3027,2972,1714,1243,1980,2172,0
407,901,509,1812,2880,3030,1565,1148,1740,1688,0
548,1097,676,2057,3334,2586,1361,1079,1492,1770,0
600,1209,806,2191,3521,2867,1499,1270,1823,2139,0
571,1234,757,2285,3803,3241,1645,1319,2011,2230,0
729,1259,907,2263,3364,3030,1737,1489,2216,2440,0
387,902,576,2207,3478,3254,1435,1092,1777,1748,0
462,964,568,2051,3001,3122,1446,1105,1695,1810,0
659,1130,776,2135,3313,3019,1612,1453,2071,2258,0
482,1018,790,2360,3475,3237,1583,1201,1857,1997,0
347,735,413,1888,3312,3003,1340,993,1697,1537,0
358,924,415,1743,3185,3017,1263,1097,1607,1656,0
578,1072,703,2049,3174,2678,1353,1261,1738,2044,0
505,982,583,1444,2332,2163,1226,1081,1421,1863,0
446,1038,626,2185,3479,3381,1722,1133,1979,1912,0
479,1004,740,2077,3476,2850,1502,1178,1760,1806,0
279,735,440,1956,3089,3015,1349,997,1929,1403,0
476,1030,681,2102,3015,3137,1655,1263,1927,2094,0
639,1226,841,2211,3222,3027,1700,1406,2044,2298,0
334,907,660,2396,3872,3126,1364,1101,1378,2432,0
471,913,628,1626,2785,2246,1161,1021,1491,1658,0
654,1108,787,1962,2792,2723,1593,1324,2043,2174,0
494,928,639,1658,2462,2233,1124,1011,1330,2191,0
582,1223,803,2291,3928,3358,1778,1404,2029,2353,0
458,864,613,1740,2810,2699,1304,1110,1497,1957,0
672,1175,833,2193,3019,2821,1595,1322,1852,2204,0
546,1056,731,2194,3462,3109,1646,1302,1983,2093,0
470,940,667,1931,3113,2835,1500,1057,1691,2158,0
451,925,676,2101,3192,2825,1450,1069,1685,1826,0
687,1230,908,2160,3230,2973,1529,1336,1770,2973,0
678,1158,877,2057,2883,2550,1575,1318,1832,2474,0
549,1075,798,2389,3473,3483,1739,1267,2010,2017,0
614,1071,835,1973,3274,2607,1372,1176,1639,2385,0
658,1159,775,2038,2851,2765,1623,1375,2120,2290,0
501,1112,699,2220,3211,3181,1706,1385,2019,2296,0
399,1011,566,2014,3190,2813,1575,1216,1829,1812,0
381,912,564,2004,3579,2907,1440,1064,1629,1666,0
525,1039,697,2066,3616,3239,1532,1307,1937,2442,0
382,796,463,1580,2614,2483,1229,969,1546,1666,0
689,1300,889,2314,3613,3201,1697,1617,1803,2765,0
427,900,609,2154,3911,3251,1440,1128,1651,1700,0
531,1037,705,2059,3335,2977,1491,1246,1629,2392,0
516,964,666,2238,3196,2982,1704,1309,1731,2364,0
431,958,617,2033,3018,2998,1531,1137,1781,1986,0
526,983,653,1859,2936,2670,1480,1185,1812,1998,0
385,914,572,2101,3812,3116,1443,1086,1718,1623,0
512,1140,757,2435,4063,3488,1567,1286,1916,1988,0
499,1007,657,2151,3384,3071,1609,1126,1817,1921,0
463,882,551,1459,2117,2118,1213,1076,1542,1739,0
492,1035,670,1988,3779,2968,1472,1231,1762,1851,0
469,958,617,1860,3019,2758,1527,1147,1825,1878,0
307,760,529,2119,3294,3311,1432,1064,2060,1550,0
459,1033,628,2264,3966,3449,1703,1254,1938,1850,0
511,1054,733,2159,3302,3007,1681,1272,1883,1948,0
346,834,405,1693,3066,2775,1151,1023,1689,1638,0
562,1126,775,2425,3422,3219,1797,1445,2134,2103,0
414,932,562,2098,3400,3004,1469,1050,1776,1964,0
512,1038,698,2375,3492,3172,1723,1259,2105,2026,0
308,760,452,1718,3230,2806,1370,931,1545,1439,0
626,1175,874,2156,3309,3081,1581,1422,1987,2431,0
660,1247,923,2250,3173,2874,1615,1314,1896,2608,0
382,917,557,1806,3189,2729,1279,970,1484,1877,0
647,1191,739,1902,2876,2727,1575,1399,1867,2237,0
345,779,414,1697,3215,2970,1452,936,1644,1521,0
422,869,552,1575,2564,2271,1243,984,1327,1585,0
523,1156,691,2068,3519,2711,1421,1104,1648,2379,0
587,1192,783,1995,3139,2734,1488,1265,1781,2053,0
485,944,564,1533,2359,2256,1246,1077,1699,1840,0
479,1105,563,1634,2769,2412,1367,1260,1714,1793,0
468,992,709,2014,3189,2754,1502,1177,1664,1746,0
686,1173,906,2461,3341,2994,1690,1439,2048,2327,0
553,1196,783,2352,3447,3295,1869,1414,2136,2128,0
534,959,670,1817,2412,2252,1394,1163,1780,1819,0
424,1016,563,1923,3298,2845,1374,1172,1472,2119,0
571,1145,785,2112,3336,2958,1580,1330,1966,2308,0
546,1160,800,2500,3627,3422,1923,1381,2191,2121,0
392,808,527,2084,3783,3338,1457,1003,1735,1597,0
442,981,642,1904,2704,2584,1422,1135,1786,1904,0
433,838,597,1944,3266,2789,1364,1073,1611,1589,0
435,890,520,1626,2960,2700,1339,1042,1676,1651,0
405,978,538,1963,3180,2889,1450,1112,1915,1770,0
481,1012,608,2075,3902,3239,1571,1233,1758,1905,0
514,987,701,2148,3644,3270,1563,1172,1701,1779,0
411,934,602,2023,3201,2992,1517,1136,1792,1732,0
510,1114,744,2338,3269,3307,1652,1217,1965,2109,0
438,1013,595,1934,2940,2943,1553,1190,1851,1863,0
450,1064,560,1876,3365,2779,1333,1105,1746,1738,0
386,874,452,1589,2811,2658,1264,960,1533,1547,0
504,1124,670,1920,3097,2724,1579,1225,1966,1981,0
513,1002,732,2197,3218,3064,1689,1287,2160,2065,0
421,969,558,1707,2853,2638,1291,1093,1590,2080,0
487,1020,661,2062,2887,2733,1442,1199,1749,1790,0
485,835,573,1729,2686,2568,1293,1071,1466,1707,0
425,896,528,1836,2952,2752,1369,1053,1697,1736,0
546,1207,758,2320,3606,3505,1682,1389,2149,2118,0
757,1367,897,2115,3084,2804,1787,1573,2063,2507,0
454,989,623,2003,3041,2956,1413,1240,1579,2172,0
434,1049,589,2195,3563,3377,1559,1316,1750,2186,0
659,1164,921,2058,2994,2854,1739,1428,2117,2394,0
277,754,383,1428,2904,2565,989,698,1151,1623,0
639,1195,875,2376,3415,3194,1677,1416,1969,2290,0
541,1132,714,2228,3232,2945,1581,1339,1975,2149,0
444,997,562,1867,3286,2964,1601,1166,1834,1911,0
459,948,575,1589,2401,2165,1258,1019,1579,1678,0
388,870,545,1856,2972,2742,1489,1201,1764,1736,0
588,1160,809,2298,3153,2976,1699,1309,1994,2136,0
377,923,548,1954,3595,3119,1361,1110,1572,1857,0
519,1056,726,2249,3397,3298,1866,1355,2057,2089,0
550,1109,783,1911,2899,2555,1543,1302,1810,2050,0
450,970,653,2215,3326,3139,1729,1257,1854,1807,0
379,874,502,1771,3518,2919,1380,1005,1655,1551,0
554,1268,710,2079,3197,2865,1634,1349,2067,2212,0
607,1199,822,2062,3562,3000,1633,1504,1833,2619,0
484,1092,734,2572,4324,3792,1769,1302,2120,1908,0
618,1207,879,2584,4057,3354,1559,1380,2027,2075,0
450,918,578,2029,3562,3307,1637,1252,1816,1831,0
377,808,525,1643,2981,2498,1246,1005,1495,1513,0
632,1278,929,2638,3792,3525,1834,1418,2082,2277,0
484,1095,662,1969,3274,2862,1570,1260,1822,1944,0
439,905,624,1848,3232,2653,1323,950,1407,1557,0
597,1163,751,2255,3353,3163,1794,1428,2170,2281,0
537,1221,750,2213,3454,3104,1733,1467,2089,2152,0
511,1117,722,2196,3758,2990,1494,1247,1777,1818,0
711,1320,831,1953,2781,2421,1488,1360,1883,2916,0
326,863,436,1747,2972,2921,1373,961,1691,1622,0
456,1072,669,2254,3758,3274,1712,1245,1969,1843,0
692,1117,812,2154,3014,2968,1722,1433,2205,2356,0
452,1075,650,2265,3923,3447,1706,1215,1979,1845,0
548,1179,629,1973,3523,2730,1435,1480,1613,1918,0
511,1089,684,2293,3959,3428,1683,1268,1806,1999,0
499,1132,717,2216,3556,3134,1724,1319,1923,1876,0
482,1143,694,2400,3776,3370,1876,1368,2090,2081,0
575,1166,804,2262,3303,3151,1720,1369,1771,2527,0
479,1077,681,2272,3645,3207,1721,1330,2083,1955,0
462,962,527,1714,3178,2625,1319,1055,1721,1737,0
319,883,546,2065,3498,3296,1265,1050,1979,1784,0
631,1305,894,2747,4413,3686,1931,1459,2311,2223,0
456,835,587,1650,2791,2573,1307,1068,1455,1817,0
438,976,629,2262,3603,3463,1521,1105,1927,1632,0
456,1031,603,1924,3511,3035,1511,1181,1848,2558,0
375,918,475,2012,2988,3011,1496,1130,1929,1682,0
549,1085,713,2026,3087,2883,1707,1275,1974,2413,0
466,1128,683,2352,3403,3290,1575,1313,2038,1916,0
634,1125,887,2594,3375,3382,1860,1491,1893,2415,0
488,1093,628,1756,2853,2510,1417,1230,1739,1896,0
426,976,563,1632,2799,2503,1150,1036,1414,1784,0
484,977,663,1942,3049,2827,1532,1181,1795,1829,0
493,957,637,1895,2879,2716,1448,1141,1731,1879,0
480,948,672,2131,3601,3022,1458,1207,1760,1731,0
553,1264,678,2094,3415,2714,1405,1311,1676,2908,0
471,1054,654,2212,3609,3175,1699,1183,1915,1803,0
516,1143,670,1997,3379,2905,1495,1250,1836,2596,0
532,1258,609,2054,3251,2948,1470,1356,2024,2054,0
323,821,444,1606,2838,2513,1193,910,1470,1522,0
513,1041,745,2057,3083,2883,1660,1253,1918,1941,0
431,910,563,2198,3340,3243,1490,1037,1891,1667,0
456,1035,610,2156,3120,3332,1645,1230,2206,1920,0
519,943,689,1778,2834,2504,1258,1052,1589,2014,0
596,1152,846,2317,3507,3322,1896,1403,2048,2273,0
613,1191,858,2376,3590,3284,1796,1372,1906,2211,0
490,1005,664,1989,2896,2839,1508,1217,1747,1924,0
606,1146,803,2201,3024,2777,1669,1365,1722,2167,0
512,1135,692,2114,3343,2863,1512,1188,1544,2252,0
442,918,595,1723,2784,2524,1181,1095,1457,1867,0
494,1020,677,1999,3499,2892,1480,1194,1947,2150,0
568,1118,777,2368,3837,3236,1780,1423,2077,2264,0
470,1067,563,1878,3131,2858,1404,1331,1760,2074,0
482,1040,566,1652,3121,2504,1211,1103,1616,1885,0
462,985,681,1941,3319,2854,1439,1190,1779,2019,0
339,730,477,1973,3754,3247,1220,867,1294,1291,0
566,1150,760,1966,3288,2678,1362,1315,1685,2555,0
398,875,541,2058,3341,2984,1483,1088,1841,1573,0
508,996,686,2019,3180,2800,1366,1269,1687,1953,0
518,1127,721,2145,3569,3057,1622,1278,1933,1922,0
502,1169,713,2714,4545,4124,1776,1368,2271,2058,0
466,918,594,1932,3339,2738,1361,1171,1742,1726,0
389,936,483,2107,3184,3285,1617,1313,2021,1842,0
549,1205,780,2123,3385,2798,1436,1310,1810,2556,0
390,935,509,1940,3140,2864,1522,1084,1771,2013,0
441,914,665,2000,3395,2965,1504,1106,1608,1722,0
467,947,701,1929,3033,2754,1458,1130,1614,1867,0
508,1173,724,2141,3234,3223,1750,1363,1962,2068,0
459,925,609,2136,3211,3187,1620,1289,1833,2032,0
600,1137,702,1808,2898,2593,1352,1315,1867,2046,0
392,959,553,2197,3757,3349,1544,1113,2022,1739,0
425,933,497,1802,3335,2957,1377,1185,1665,1744,0
471,956,584,1959,3015,2712,1323,980,1502,1609,0
420,900,604,1858,2755,2621,1303,944,1396,2039,0
539,1069,806,2453,3391,3182,1602,1245,1648,2356,0
477,1071,692,2377,3895,3372,1793,1307,2041,1950,0
394,1016,700,2385,3929,3161,1293,1183,1668,2575,0
345,894,465,2033,3508,3300,1487,1102,1911,1639,0
711,1204,817,2089,2954,2808,1634,1436,1924,2600,0
444,915,520,1912,2940,2999,1466,1129,1872,1853,0
465,1049,624,2251,3279,3237,1590,1283,2049,1967,0
673,1086,821,1793,2547,2360,1539,1331,1885,2135,0
665,1153,913,2226,3325,2858,1590,1261,1797,2052,0
477,1048,645,2190,3569,3178,1627,1296,1953,2059,0
517,1040,751,2122,3386,3039,1633,1293,1949,1994,0
532,1192,710,2599,4136,3699,1686,1543,1860,2448,0
420,1138,617,2226,3843,3331,1710,1292,2068,1920,0
382,835,492,1800,3212,2706,1274,997,1556,1434,0
533,941,620,1772,2932,2514,1318,1110,1658,1874,0
334,821,439,2214,4033,3709,1463,1045,1760,1563,0
452,999,613,2194,3610,3308,1637,1185,1967,1731,0
186,597,324,1787,3642,3406,1128,821,1499,1082,0
438,887,612,2062,4009,3220,1499,1079,1638,1699,0
391,864,539,2133,3809,3363,1488,1196,1818,1779,0
574,1175,724,1987,2893,2911,1593,1394,1782,2322,0
433,1012,624,2051,3518,3323,1615,1158,1886,1795,0
564,1081,774,2208,3490,3314,1750,1397,2095,2269,0
528,1178,697,2054,3058,2925,1444,1236,1849,2051,0
422,846,623,2022,3220,2825,1373,1010,1481,1703,0
540,1130,585,1457,2568,2335,1295,1103,1720,2531,0
529,1163,657,2125,3480,3050,1588,1285,1961,1996,0
497,995,679,2090,3325,2995,1424,1088,1694,1749,0
440,1077,655,2148,3862,3259,1583,1275,1901,2000,0
571,1024,691,1986,3052,2779,1453,1155,1457,2632,0
568,1051,794,2349,3895,3258,1570,1272,1718,2050,0
499,1104,683,2499,3584,3645,1810,1491,2010,2595,0
411,931,558,1944,3036,2844,1604,1193,1956,1797,0
440,953,626,2217,3333,3121,1673,1194,1792,1794,0
589,1113,815,2032,3092,2639,1514,1180,1696,1974,0
527,1114,620,1821,2959,2786,1558,1303,1866,2001,0
517,1213,679,2163,3507,3221,1740,1366,2094,2144,0
433,979,654,2191,4042,3236,1525,1114,1789,1787,0
547,1192,719,2254,3261,3130,1681,1344,1954,2482,0
489,1017,707,2392,3693,3373,1811,1240,2032,1890,0
600,1281,754,2190,3264,2865,1749,1469,2056,2332,0
344,865,479,1805,3255,2694,1338,941,1418,2126,0
544,1038,720,2119,3839,3279,1592,1254,1789,1930,0
614,1219,880,2399,3470,3113,1782,1391,2059,2671,0
586,1040,798,2049,3355,2807,1435,1111,1620,1947,0
540,1150,706,2291,3641,3235,1767,1435,2101,2088,0
296,807,489,1834,3468,2895,1309,922,1533,1363,0
614,1094,824,2179,3294,2939,1647,1331,1798,2092,0
551,1002,675,1706,2480,2274,1387,1197,1680,1832,0
440,1037,610,1786,2996,2603,1277,1112,1778,1618,0
357,958,577,2420,3249,3446,1648,1237,2289,1744,0
577,1116,807,2349,4017,3312,1601,1212,1936,2009,0
575,1156,741,1807,2336,2493,1539,1241,1929,2158,0
694,1284,839,2346,3856,3239,1861,1539,1963,3059,0
567,1147,837,2353,3266,3148,1749,1392,1849,2257,0
470,1108,678,2081,3682,3056,1429,1169,1874,1781,0
597,1109,792,1920,3013,2825,1552,1248,1808,1999,0
372,825,505,1778,3032,2796,1332,859,1462,1655,0
399,929,545,1968,3350,3156,1633,1124,1685,1693,0
527,1254,724,2209,3158,3017,1641,1507,1950,2319,0
464,1104,645,2096,3673,3088,1651,1355,2085,1906,0
391,895,476,2127,3424,3438,1594,1231,1897,1687,0
637,1147,757,1945,3072,2691,1531,1266,1898,2112,0
558,1015,722,1824,2769,2461,1474,1233,1811,1995,0
475,1011,628,2074,3749,3155,1528,1209,1981,2066,0
464,1098,608,2473,4310,3821,1824,1401,1970,2119,0
505,1101,657,2344,3573,3315,1703,1293,1862,2043,0
611,1088,818,2297,3163,3015,1781,1321,1976,2107,0
704,1210,822,1971,2857,2631,1644,1344,1982,2372,0
679,1295,843,2080,3046,2764,1534,1323,1809,2235,0
528,1171,626,1746,2520,2371,1476,1327,1945,2040,0
409,950,538,2057,3333,3202,1559,1163,1929,1732,0
516,1101,610,2052,3135,3194,1515,1314,2175,2096,0
389,840,629,1776,2905,2531,1342,1001,1648,1591,0
493,1104,723,2291,3370,3390,1726,1415,2099,2065,0
593,1162,684,1833,2766,2486,1440,1246,1947,2043,0
468,870,682,2102,3258,3190,1689,1127,1782,1831,0
554,1206,697,2150,3327,3098,1592,1431,2154,2236,0
436,970,667,2020,3066,3002,1567,1126,1594,1752,0
609,1109,792,2232,3361,3237,1621,1359,2060,2250,0
448,1103,674,2352,4223,3512,1718,1274,1879,1893,0
407,911,536,2411,3533,3539,1440,1194,1647,1840,0
471,1050,600,2027,3480,2982,1502,1327,1789,1948,0
537,1125,688,2171,3035,3296,1619,1269,2031,2118,0
508,1006,679,2014,2604,2731,1515,1173,1815,1869,0
506,1272,754,2156,3660,2866,1494,1328,1738,1932,0
476,1132,666,2475,3960,3703,1750,1270,2267,2041,0
582,1098,740,2313,3453,3153,1632,1293,1913,2226,0
408,912,560,1970,3416,3076,1557,1086,1898,1692,0
593,1062,710,1977,2929,2742,1538,1312,1918,2184,0
445,951,606,2055,3314,3136,1507,1160,1840,1772,0
552,1130,672,2106,3279,2897,1605,1296,2027,2069,0
407,1063,626,2062,3426,3090,1590,1176,1922,1729,0
646,1198,816,2198,3301,3004,1725,1389,1956,2247,0
451,1029,648,2087,3170,2876,1447,1100,1668,1904,0
459,1036,567,1715,2701,2460,1300,1285,1506,2339,0
522,1021,714,2149,3009,2859,1591,1155,1735,1949,0
442,963,629,2155,3649,3201,1576,1147,1798,1765,0
558,1161,824,2583,3433,3402,1667,1277,2020,2193,0
574,1197,775,2255,3398,3088,1612,1391,1891,2530,0
456,1031,662,2036,2819,2925,1452,1134,1685,2110,0
555,1136,831,2681,4168,3335,1738,1228,1757,2251,0
679,1234,935,2411,3239,3060,1792,1484,2127,2378,0
533,1049,694,2008,3373,3046,1665,1314,1980,2002,0
422,865,638,1866,2671,2679,1350,1026,1606,1619,0
467,942,563,2094,3251,3090,1394,1069,1889,1732,0
564,1289,812,2364,4545,3634,1703,1414,1973,2107,0
532,1118,726,2193,2848,3134,1713,1302,1969,2003,0
363,776,489,1715,3041,2609,1356,1033,1707,1539,0
569,1139,730,2250,3231,3240,1750,1363,1985,2521,0
530,1248,637,2014,3586,2767,1435,1267,1924,2687,0
624,1127,746,1986,3116,2679,1415,1292,1713,2462,0
490,1101,713,2237,3695,3064,1618,1233,1715,1766,0
517,924,639,2020,3204,3154,1450,1207,1741,2000,0
541,1132,675,2027,3656,2991,1608,1324,1960,1946,0
641,1175,782,2185,3194,2831,1662,1350,1879,2781,0
462,1048,634,2178,3302,2944,1488,1319,1888,2500,0
442,991,546,1813,3529,3041,1472,1206,1751,2089,0
610,1070,733,1896,2556,2448,1412,1237,1672,2434,0
542,1116,815,2223,3156,2984,1763,1264,1953,2104,0
473,1020,645,2004,3372,2943,1698,1244,1893,1988,0
507,1173,660,2048,3271,2932,1536,1315,2001,2032,0
455,1044,635,2214,3728,3304,1498,1279,1752,2109,0
489,1057,696,2403,3861,3464,1671,1335,1750,2198,0
612,1202,738,1928,2939,2667,1598,1395,1850,2459,0
425,866,623,1860,2954,2738,1292,952,1325,1543,0
363,887,529,1931,3202,2828,1492,1120,1848,1475,0
301,767,404,1860,3323,3172,1340,991,1680,1517,0
571,1210,804,2304,3460,3358,1946,1476,2216,2225,0
605,1359,748,2409,3491,3364,1743,1475,2242,2326,0
384,824,442,1631,2813,2500,1403,1071,1698,1688,0
550,1138,704,2221,3582,3140,1775,1329,2096,2065,0
428,996,648,2318,4166,3436,1552,1172,1834,1678,0
344,750,456,1692,3106,2804,1250,865,1479,1394,0
301,772,409,1429,2523,2351,1038,788,1412,1912,0
507,1059,718,2315,3749,3541,1827,1393,2165,2163,0
428,902,540,2069,3367,3006,1490,1218,1557,2013,0
455,877,519,1704,2840,2378,1230,1103,1465,1637,0
466,999,668,2280,3887,3362,1598,1252,1608,2412,0
366,932,667,2603,3339,3682,1594,1339,1977,1893,0
604,1152,719,1853,2797,2685,1497,1289,1762,2367,0
320,841,428,1875,3020,2865,1247,986,1576,1549,0
506,812,726,1927,2989,2569,1315,1031,1421,1635,0
397,927,548,1870,3328,2948,1357,1093,1607,1639,0
612,1136,806,1911,2957,2637,1566,1230,1918,2212,0
505,1041,647,2120,3547,3183,1315,1199,1545,2140,0
483,912,670,2102,3109,2925,1551,1182,1798,1912,0
508,1090,780,2396,3197,3374,1807,1431,1912,2147,0
453,883,644,1976,2932,2817,1510,1104,1637,1666,0
411,909,552,2097,3496,3353,1682,1220,2160,1790,0
344,821,448,1792,3453,2830,1398,988,1613,1503,0
579,1104,727,2058,2894,2643,1404,1272,1665,2363,0
520,995,749,2264,2976,2992,1611,1336,1837,2045,0
577,1054,715,1610,2349,2169,1299,1251,1661,2460,0
524,982,711,1999,3115,2658,1688,1233,1995,2005,0
365,789,591,2055,3725,3166,1387,1016,1603,1509,0
416,1013,531,2106,3270,3227,1558,1171,1654,2424,0
322,861,581,2316,3206,3237,1670,1200,2182,1585,0
601,1239,829,2415,4044,3326,1694,1381,2098,2056,0
388,921,529,1968,3399,3065,1405,1084,1750,1466,0
464,1191,546,1936,3523,2893,1441,1281,1692,2337,0
428,995,510,2034,3368,3223,1699,1201,1921,1955,0
506,1048,698,1917,3266,2763,1437,1160,1645,1748,0
469,1081,707,2502,4092,3584,1973,1384,2317,1967,0
626,1149,817,2192,3004,3099,1785,1364,1912,2115,0
406,872,549,2151,3503,3069,1539,1083,1908,1718,0
416,896,569,1816,3033,2624,1240,976,1346,1932,0
402,948,492,1688,3189,2795,1143,1027,1369,1985,0
421,947,633,2096,3855,2931,1470,1053,1658,1605,0
661,1065,907,2339,3616,3011,1622,1296,1743,2100,0
501,1119,726,2355,3453,3238,1750,1303,2024,2115,0
628,1096,772,1960,3258,2738,1501,1338,1921,2178,0
586,1029,791,2170,3088,2861,1569,1205,1690,1947,0
453,1006,590,1990,3118,3008,1577,1146,1732,1805,0
721,1274,881,2167,3300,2673,1637,1520,1785,2591,0
626,1187,875,2322,3268,3090,1733,1378,1985,2268,0
507,1106,662,1971,3773,3177,1459,1279,1869,2197,0
522,1130,609,1827,3079,2828,1466,1298,1929,1855,0
514,1083,658,2127,3494,3201,1640,1260,1951,1948,0
432,1071,663,1770,3070,2670,1307,1108,1671,1726,0
553,1242,737,2256,3578,3229,1741,1440,2098,2218,0
473,903,620,1887,2868,2781,1367,1029,1579,2093,0
377,863,518,1767,2936,2710,1224,979,1590,1441,0
451,855,581,1590,2711,2246,1132,1028,1507,1567,0
571,1066,832,2604,3818,3713,1834,1408,2090,2154,0
531,977,721,2112,3116,2867,1651,1229,1843,1953,0
624,1241,736,2075,3262,2948,1696,1467,1917,2740,0
426,927,661,2090,3509,3088,1521,983,1450,1569,0
557,1171,736,2206,3736,3086,1561,1398,1920,1915,0
439,949,616,2246,3370,3143,1750,1250,2004,1903,0
386,833,523,1792,3209,2823,1344,996,1486,1589,0
450,847,620,1825,3020,2927,1380,971,1663,1615,0
437,911,579,2128,3362,3089,1501,1142,1923,1784,0
429,989,643,2208,3576,3343,1713,1268,1878,1905,0
489,1066,714,2409,3785,3500,1807,1299,2044,1993,0
600,1244,848,2577,3832,3485,1731,1419,1926,2750,0
489,1103,715,2272,3015,3080,1671,1270,1886,1974,0
388,916,497,1807,2881,2848,1467,1195,1737,1730,0
640,1112,782,1882,2537,2516,1480,1254,1627,2586,0
416,943,618,1962,3268,2828,1397,1049,1732,1726,0
555,1278,667,2057,3406,3103,1620,1436,2156,2362,0
584,1166,789,2286,3592,3098,1702,1325,2032,2070,0
612,1154,793,2359,3811,3124,1546,1389,1809,2357,0
481,1158,669,2420,3513,3363,1737,1239,2090,2026,0
370,865,540,2124,4107,3480,1523,1144,1749,1636,0
438,1070,588,2378,3880,3591,1754,1221,2063,1898,0
427,981,591,2234,3780,3416,1680,1259,1898,1829,0
618,1095,797,2210,3288,3002,1564,1323,1905,2032,0
438,983,573,2006,3075,2910,1497,1233,1741,2014,0
629,1165,768,1956,2971,2738,1503,1202,1769,2097,0
497,1034,680,2069,3168,3007,1752,1216,1871,1970,0
612,1159,797,2267,3322,3034,1778,1450,2104,2089,0
442,1026,625,1755,3203,2750,1355,1158,1573,1800,0
375,871,466,1721,3126,2951,1184,967,1605,2126,0
372,867,577,2003,3248,2879,1335,982,1533,1534,0
652,1143,819,2086,3090,2722,1575,1277,1856,2184,0
514,1160,653,2264,3526,3231,1629,1394,2034,1982,0
661,1214,854,2213,2803,2993,1751,1436,2099,2383,0
494,1085,715,2704,4540,4043,1779,1371,2292,2118,0
576,1286,769,2410,3921,3379,1791,1494,2206,2254,0
377,859,493,2130,3643,3438,1357,1082,1748,1593,0
458,1081,658,2022,3264,3027,1630,1161,1895,1876,0
410,939,556,2182,3883,3317,1647,1183,1934,1661,0
399,1060,570,2094,3588,3287,1578,1172,1925,1729,0
351,827,497,1735,3114,2564,1122,1080,1337,1673,0
342,806,467,1524,3112,2396,1078,939,1328,1868,0
591,1333,808,2459,3957,3273,1703,1537,2147,2361,0
544,1155,683,2082,3609,3224,1656,1377,2015,2081,0
534,1019,660,1786,2930,2783,1465,1233,1777,2271,0
478,987,678,2229,3784,3087,1541,1215,1753,1786,0
364,868,538,2197,3584,3210,1493,1081,1694,1621,0
373,828,492,1900,3518,2911,1286,949,1555,1524,0
550,952,729,1887,3083,2715,1394,1053,1519,1728,0
462,1117,652,2578,3962,3569,1970,1378,2235,2052,0
647,1122,934,2207,3201,2939,1678,1411,1876,2297,0
594,1049,641,1711,2775,2385,1284,1251,1547,2285,0
388,955,585,2205,4245,3533,1489,1170,1601,1840,0
241,815,418,1721,2611,2627,1278,936,1612,2001,0
685,1149,875,2091,2823,2843,1749,1413,2088,2302,0
646,1175,807,2202,3441,2868,1591,1350,1898,2247,0
543,1081,773,2139,3066,2694,1619,1261,1860,2124,0
360,805,507,1756,3183,2804,1322,924,1501,1464,0
588,1069,925,2491,3540,3291,1882,1381,2009,2100,0
352,803,556,2207,3591,3138,1392,1003,1928,1462,0
693,1166,878,2143,3208,3118,1698,1326,1954,2284,0
396,880,557,1961,2950,2845,1513,1146,1841,1687,0
410,893,497,1943,3423,2907,1288,1103,1667,1565,0
520,1150,757,2387,3772,3319,1611,1299,1914,2043,0
581,1295,719,2294,3684,3372,1642,1418,2084,2063,0
360,775,462,1682,3043,2620,1125,978,1415,1409,0
552,1072,797,2079,3247,2828,1656,1229,1816,2060,0
426,999,586,2062,3119,2826,1660,1186,1925,1786,0
484,1096,652,2300,4466,3368,1689,1268,1978,1851,0
428,997,617,2264,3876,3582,1729,1307,1972,1883,0
457,1007,565,2276,3820,3367,1722,1409,2054,1953,0
523,1104,653,1972,2997,2857,1624,1235,1956,2064,0
437,945,556,1943,3310,2901,1470,1150,1782,1746,0
564,1145,710,1975,3472,2616,1461,1283,1828,1998,0
428,1039,618,2210,2983,3120,1589,1238,1837,1810,0
471,921,643,1932,3058,2930,1520,1092,1666,1827,0
550,1040,671,2143,3071,2976,1558,1339,1600,2564,0
457,1018,605,2214,4003,3281,1681,1281,1912,1776,0
393,923,514,2075,3567,3305,1560,1043,2001,1757,0
552,1052,760,2168,3349,3214,1583,1173,1905,1968,0
479,1100,652,2376,3845,3438,1747,1329,2112,2028,0
535,1107,728,2361,3089,3027,1751,1374,2167,2131,0
590,1123,811,2124,3053,2626,1584,1245,1759,2031,0
467,1021,618,2055,3265,3172,1670,1265,1996,2043,0
602,1146,795,2341,3237,3161,1643,1459,2029,2119,0
483,973,635,2068,3142,3029,1528,1135,1682,1971,0
606,1023,784,1888,2869,2243,1317,1220,1626,1928,0
534,1053,743,2225,3023,2882,1672,1238,1937,2021,0
388,912,590,2233,3866,3537,1502,1130,1829,1671,0
612,1106,815,2080,3126,2841,1584,1351,1741,2294,0
465,988,688,2280,3474,3201,1748,1270,2016,1888,0
455,1071,624,1948,3566,2873,1319,1248,1793,1893,0
465,988,584,2276,3325,3293,1756,1224,2181,1908,0
747,1328,930,2237,2973,3223,1700,1477,2319,2506,0
406,974,574,1871,3460,2966,1380,1105,1843,1673,0
440,983,642,2204,3481,3264,1604,1248,1970,1984,0
633,1096,827,2361,3780,3188,1686,1344,1900,2220,0
575,1151,791,2078,3397,2770,1448,1242,1569,2907,0
467,982,616,1800,3055,2526,1365,1079,1649,1641,0
492,1060,720,2090,3331,3039,1489,1290,1798,2095,0
582,1037,710,1861,2336,2459,1501,1130,1678,1955,0
505,978,741,2312,3317,3056,1545,1208,1817,1846,0
550,977,675,1921,2956,2684,1476,1205,1711,1903,0
415,939,600,1946,3456,2978,1483,1027,1555,1761,0
436,961,622,2188,3480,3365,1470,1138,1852,1789,0
344,816,463,1793,3202,2989,1420,1024,1665,1474,0
397,866,509,1872,2815,2751,1473,1012,1758,1613,0
597,1139,849,2484,3830,3237,1771,1281,1839,2041,0
383,981,591,2147,3545,3234,1492,1045,1910,1783,0
476,856,482,1485,2310,2244,1118,1101,1478,1727,0
596,1237,742,2080,3533,3304,1829,1488,2257,2628,0
463,905,634,2056,3390,3002,1340,1077,1603,1662,0
640,1102,778,1899,2837,2495,1513,1367,1667,2687,0
432,997,620,2208,3516,3441,1624,1149,1959,1904,0
424,965,571,1602,2816,2276,1164,1024,1344,2115,0
400,943,575,1683,3030,2418,1164,1182,1427,1998,0
522,1151,693,2003,3001,2776,1538,1317,2006,1958,0
446,1031,619,2109,3119,3088,1714,1303,1892,1945,0
439,1098,622,2124,3462,3011,1679,1128,1982,1875,0
568,963,711,1780,2570,2299,1369,1085,1517,1826,0
368,900,518,2284,3626,3578,1398,1030,1763,1703,0
418,913,520,1756,3168,2748,1254,1080,1618,1577,0
530,1057,763,2069,3151,2903,1573,1281,1847,2025,0
585,1071,705,2085,3214,2927,1596,1171,1778,2040,0
532,1137,716,2127,3093,2892,1693,1370,2243,2122,0
325,739,391,1816,2943,2974,1331,1010,1644,1488,0
456,1026,675,2412,4302,3655,1622,1175,1608,2419,0
538,1023,734,2002,3411,3018,1531,1323,1876,1959,0
361,858,521,1614,2520,2350,1290,948,1431,1526,0
568,1059,777,2311,3441,3149,1674,1424,2021,2206,0
393,870,517,1768,3197,2731,1417,1066,1643,1566,0
493,978,566,1971,3562,3030,1386,1158,1812,1840,0
324,971,520,2099,3338,3429,1376,1103,2183,1593,0
440,944,599,1786,3137,2565,1238,1104,1277,1967,0
623,1136,800,2109,2640,2685,1626,1303,1933,2233,0
489,1035,696,2168,3185,3014,1580,1197,1709,1947,0
497,1111,593,2200,4169,3614,1765,1352,2278,1996,0
724,1211,890,2313,3278,2854,1695,1411,1651,3209,0
572,1211,857,2380,3252,3204,1597,1403,1785,2917,0
567,1266,688,1949,3223,2787,1700,1445,2137,2196,0
570,1107,774,2335,3232,2910,1636,1351,1687,2158,0
486,1075,592,1748,3507,2665,1224,1123,1469,2461,0
502,987,723,2155,3052,2801,1519,1153,1736,1874,0
527,1233,690,1943,3155,2815,1569,1365,2003,2094,0
413,827,569,1658,2651,2270,1120,848,1270,2105,0
579,1051,808,2029,3110,2688,1437,1148,1612,2470,0
363,930,501,1956,3622,2927,1495,1035,1663,1601,0
466,1055,603,1845,3395,2809,1267,1116,1549,1663,0
440,925,633,1833,3014,2711,1476,1176,1638,1829,0
449,950,637,2411,3749,3618,1751,1206,2033,1826,0
617,1110,743,2011,3175,2697,1488,1204,1876,2030,0
497,896,623,1640,2407,2150,1336,1006,1451,1714,0
537,1202,728,2147,3194,3006,1739,1378,2056,2177,0
431,875,574,1489,2787,2113,1074,993,1504,1579,0
739,1431,903,2400,3709,3174,1853,1633,2208,2865,0
469,948,570,1808,2983,2790,1444,1073,1691,1702,0
336,825,574,1891,3360,2890,1378,981,1541,1592,0
289,837,432,2508,3739,3964,1439,1179,2289,1524,0
569,1223,757,2247,3671,3394,1755,1521,2017,2362,0
434,957,590,1895,3495,2935,1411,1023,1665,1915,0
525,944,732,1916,3117,2770,1436,1120,1593,1940,0
651,1181,780,2043,2984,2749,1581,1352,1784,2575,0
560,1092,719,2321,3551,3097,1763,1399,2092,2082,0
509,1123,713,2125,3713,3178,1515,1249,1921,2017,0
505,1105,640,2093,3452,3036,1481,1357,1820,2387,0
575,1115,792,2598,4094,3608,1758,1329,2054,2803,0
618,1195,864,2409,3738,3415,1765,1485,2032,2213,0
513,1111,725,2177,4037,3130,1481,1344,1678,1954,0
603,1093,699,1870,2735,2668,1502,1267,1808,2171,0
706,1213,915,2134,2902,2794,1596,1322,2115,2321,0
627,1114,847,2099,3168,2819,1581,1378,1805,2489,0
700,1207,923,2331,3623,3190,1706,1517,1940,3199,0
485,1129,629,2278,3639,3458,1888,1364,2205,2015,0
559,1219,758,2273,3237,3218,1772,1429,2270,2075,0
579,1229,713,2140,3451,2969,1565,1428,1746,2330,0
444,992,574,1916,3493,2826,1335,1148,1679,1721,0
580,1082,764,1950,2714,2453,1444,1258,1686,2629,0
615,1141,753,2031,3037,2912,1588,1316,1763,2664,0
572,1120,715,1934,3060,2788,1515,1383,1876,2137,0
364,934,468,2056,3316,3288,1567,1138,1981,1684,0
690,1222,885,2197,3257,3112,1655,1356,1867,2263,0
371,909,484,2154,3180,3358,1650,1132,1943,1745,0
529,1005,723,2092,2848,2803,1580,1227,1534,2123,0
380,819,500,1832,3138,2865,1350,1032,1548,1674,0
630,1128,799,2031,2896,2636,1506,1197,1877,2175,0
420,905,652,2005,3056,2790,1371,1097,1423,2181,0
542,1173,670,2100,3239,3163,1676,1388,2102,2117,0
572,1147,734,2361,3341,3258,1734,1345,1965,2108,0
767,1228,872,2058,2666,2610,1637,1479,2080,2643,0
634,1087,793,1963,2629,2545,1568,1287,1730,2120,0
693,1305,802,2116,3038,2800,1646,1492,1947,2393,0
579,1136,776,2382,3611,3361,1735,1349,2010,2171,0
560,1184,749,2088,3317,2995,1653,1314,1853,1999,0
482,921,694,2280,3464,3065,1477,1166,1695,1776,0
687,1219,756,1876,2743,2547,1550,1358,1965,2259,0
551,1200,810,2333,3121,3167,1860,1535,2242,2287,0
615,1168,788,2010,2868,2792,1513,1323,1970,2175,0
351,824,508,1802,3122,2782,1393,1003,1624,1551,0
499,1021,636,1960,3151,2886,1522,1225,1964,1906,0
511,1113,720,2140,3500,3017,1641,1272,2088,2120,0
529,1329,910,2580,3631,3497,1722,1455,1944,2643,0
755,1343,908,2360,2998,2922,1906,1554,2279,2527,0
416,927,567,2027,3524,3205,1392,1038,1822,1653,0
452,951,628,1841,2603,2459,1366,1113,1805,1830,0
553,1154,777,2259,3078,2939,1644,1290,1870,2220,0
481,1235,683,2032,3175,3042,1594,1533,1890,2317,0
560,1249,744,2348,3752,3321,1784,1448,2238,2191,0
481,1083,600,2019,3356,2923,1379,1232,1933,1930,0
432,966,599,1973,3443,2835,1549,1110,1651,1630,0
481,1083,692,1955,2890,2813,1569,1168,1775,1884,0
448,972,632,2164,3357,3076,1626,1193,1807,1777,0
423,987,516,1983,3324,3294,1647,1267,1973,1911,0
415,996,691,2122,3629,3075,1498,1155,1452,2463,0
631,1067,781,2116,3114,3052,1574,1238,1910,2304,0
319,818,426,2023,3708,3221,1434,1057,1869,1505,0
399,939,602,2229,3885,3315,1462,1119,1554,2016,0
564,1100,717,1798,2818,2614,1474,1286,1880,2089,0
544,1258,698,2166,3591,2970,1592,1387,2129,2151,0
484,1030,707,2077,3437,3190,1665,1256,1858,1954,0
513,1057,638,2316,3540,3386,1779,1247,2128,2036,0
352,847,503,1880,3168,2900,1344,946,1647,1593,0
595,1143,703,1820,2716,2519,1497,1321,1761,2617,0
521,1047,679,1954,3147,2711,1512,1112,1801,2121,0
731,1434,828,2356,3545,3057,1675,1597,2265,2349,0
464,1103,594,1903,3438,2770,1439,1205,1689,2195,0
457,982,644,2188,3209,3110,1444,1270,1694,2138,0
488,1065,642,1995,3736,2899,1378,1221,1635,2275,0
572,1294,787,2523,3904,3323,1669,1379,2047,2158,0
282,711,429,1950,3383,2960,1381,930,1534,2293,0
499,1063,690,2009,2950,2524,1591,1219,1780,2147,0
534,1019,731,1725,3032,2629,1307,1101,1676,1877,0
659,1189,866,1912,2649,2513,1463,1297,1918,2559,0
409,929,549,2133,3756,3338,1719,1160,1886,1753,0
511,1103,609,2009,3429,2798,1447,1156,1877,2159,0
602,1126,679,1873,2724,2750,1560,1245,1972,2189,0
507,973,680,2062,3119,2982,1519,1200,1919,1949,0
402,944,592,2178,3527,3040,1162,988,1565,1592,0
580,1050,721,1800,2606,2454,1487,1190,1651,1927,0
725,1281,892,2171,3012,2869,1708,1434,2079,2477,0
592,1098,807,2170,3508,2991,1657,1353,1825,2611,0
515,962,662,1661,2685,2481,1391,1083,1688,1995,0
512,1082,775,2225,3302,3176,1737,1282,2020,1937,0
625,1115,847,2258,3114,2824,1595,1267,1588,2167,0
631,1122,828,2126,3248,2920,1676,1320,1964,2493,0
424,990,557,2127,3367,3023,1325,990,1787,2158,0
498,1032,667,2032,3467,2932,1446,1231,1673,1822,0
718,1284,925,2426,3206,3022,1663,1393,2116,2435,0
468,1099,666,2151,3539,3249,1688,1266,1975,1990,0
284,762,431,2061,4021,3194,1212,955,1626,1654,0
523,1130,739,2403,3622,3352,1838,1475,2181,2089,0
370,876,495,1932,4013,3028,1311,991,1441,1455,0
523,1119,733,2242,3442,3081,1631,1404,1727,2326,0
569,1097,778,2088,3584,2974,1601,1295,1940,2074,0
422,899,541,1858,3007,2781,1504,1201,1755,1770,0
623,1099,710,1859,2793,2612,1456,1364,1743,2568,0
552,1150,810,2265,3576,3132,1737,1436,1841,2893,0
375,928,517,1798,3187,3037,1453,1087,1644,1913,0
645,1144,694,2041,2867,2648,1596,1396,1981,2278,0
586,1129,688,2092,2815,2730,1644,1294,1983,2038,0
374,833,476,1727,2765,2549,1340,990,1559,1531,0
555,1128,768,2226,3681,3050,1665,1281,1951,2025,0
498,1118,653,2361,3606,3253,1732,1286,1924,2361,0
422,885,592,2350,4073,3565,1624,1175,1850,1608,0
523,986,722,2157,3326,2736,1526,1245,1482,2167,0
579,975,698,1803,2708,2441,1310,1155,1657,1842,0
460,903,609,1881,2865,2711,1392,1110,1444,1840,0
429,994,572,1865,3504,2736,1344,1086,1576,1662,0
473,1011,698,2168,3236,3133,1522,1183,1900,2031,0
581,1157,762,2177,3276,2861,1608,1305,1639,2313,0
587,1128,897,2572,3678,3094,1732,1317,1899,2050,0
496,1117,653,1945,3454,2995,1483,1233,1847,2171,0
474,1087,648,2218,3273,3431,1596,1242,1829,1986,0
452,1035,576,1743,2678,2417,1425,1174,1723,1785,0
540,1139,721,2169,2976,3066,1689,1335,2077,2288,0
495,943,649,2154,3339,3213,1547,1188,1710,1856,0
529,1176,747,2067,3252,3088,1630,1332,1877,2018,0
573,1010,709,1930,2804,2526,1490,1273,1891,2074,0
503,1111,671,1974,3183,2919,1570,1224,1926,2090,0
473,1068,659,2069,3673,3044,1478,1220,1815,1817,0
608,1108,787,2022,2887,2878,1594,1308,1910,2199,0
660,1228,849,2364,3599,3181,1717,1432,1933,2215,0
525,1044,691,1823,2552,2498,1378,1167,1599,2485,0
513,1137,681,2099,3552,3068,1607,1353,2040,1968,0
462,886,654,2163,3163,3028,1514,1074,1581,1734,0
576,1146,690,2106,3243,2975,1704,1453,2168,2184,0
502,1084,603,1647,3079,2386,1279,1216,1579,2393,0
598,1005,766,1982,3120,2732,1481,1251,1842,2013,0
449,983,585,1920,3251,2806,1448,1133,1611,1760,0
716,1272,993,2266,3004,2829,1731,1437,2176,2436,0
479,1080,631,2035,3455,3046,1389,1268,1998,2009,0
445,1005,649,2291,3661,3224,1501,1203,1720,2241,0
486,1027,627,2119,3455,3059,1536,1178,1872,1966,0
493,1017,644,2036,2821,2743,1662,1180,1825,1833,0
579,1059,701,1759,2754,2449,1401,1146,1844,2208,0
487,1065,763,2300,3815,3321,1709,1269,1923,1996,0
606,1134,873,2418,3469,3113,1657,1323,1697,2634,0
439,940,567,2321,3504,3313,1649,1229,1862,1806,0
388,748,497,1889,3045,2769,1226,865,1359,1414,0
562,1145,793,2311,3375,3140,1770,1340,1990,2060,0
669,1088,855,2051,3202,2541,1405,1239,1465,2459,0
470,1009,708,2547,4245,3556,1834,1205,1852,1918,0
342,836,476,1870,3224,2791,1347,1007,1742,1557,0
310,801,534,2101,3647,3161,1346,1091,1563,2450,0
512,908,677,2268,3547,3147,1777,1274,2034,1874,0
346,875,443,2001,3372,3312,1379,1074,1508,2106,0
516,1106,713,2240,3481,3173,1593,1381,2167,2012,0
473,1124,631,2236,4285,3425,1581,1212,2092,1960,0
421,913,590,1923,2797,2625,1390,1056,1750,1663,0
413,830,515,1798,2633,2724,1367,951,1534,1515,0
616,1188,868,2519,3232,3356,1817,1418,2179,2505,0
601,1177,748,2339,3546,3200,1808,1470,2237,2224,0
538,1120,671,1873,3039,2724,1479,1294,1838,2068,0
516,1060,693,2188,3343,3196,1594,1373,1795,2096,0
541,1060,739,2133,3005,2911,1682,1301,1996,2152,0
364,879,482,1861,3172,3133,1278,1002,1722,1543,0
547,1234,698,2047,3643,3007,1682,1386,1985,2003,0
454,1054,615,2010,2906,3095,1587,1194,1952,1900,0
311,821,424,1741,3106,2964,1390,954,1495,1422,0
374,839,459,1540,3167,2688,1201,1022,1461,1808,0
386,880,511,2089,3615,3272,1571,1223,1899,1792,0
356,822,573,1617,2633,2420,1218,957,1496,1528,0
563,1191,872,2201,3176,3094,1769,1387,1953,2220,0
353,897,468,2070,3365,3177,1498,1059,1836,1633,0
400,824,466,1445,2583,2084,1018,959,1234,2052,0
299,773,390,1586,3056,2814,1279,914,1589,1376,0
469,1062,668,2154,3203,2961,1665,1173,1899,2026,0
549,1188,673,2057,3471,3040,1597,1303,1848,1982,0
516,976,681,1825,2895,2327,1199,1051,1402,2038,0
748,1333,845,2228,3072,2952,1664,1514,2215,2519,0
588,1171,816,2338,3769,3106,1653,1281,1739,2019,0
517,1057,767,2228,3588,2913,1558,1213,1777,1938,0
378,982,643,2649,3772,3934,1777,1429,2281,1826,0
490,953,681,2042,3212,2729,1401,1173,1762,1853,0
520,1098,648,1911,3044,2769,1541,1349,2019,2007,0
570,1184,759,2111,3317,2976,1759,1392,2217,2141,0
534,1169,696,2151,3291,3180,1604,1218,1839,1930,0
479,1061,621,1964,3348,2757,1417,1248,1733,1822,0
605,1006,820,2077,3702,2861,1358,1097,1686,1714,0
478,841,667,1872,3494,2765,1307,978,1496,1651,0
304,807,471,2372,3402,3675,1621,1145,2258,1599,0
413,904,685,2307,3791,3250,1532,1093,1460,1925,0
486,1046,639,2119,3745,3235,1453,1212,1851,2384,0
625,1150,756,1808,2990,2570,1649,1304,1882,2377,0
424,974,538,1622,2913,2437,1343,1110,1750,1724,0
367,799,488,1889,2988,2912,1421,1072,1481,1777,0
720,1360,953,2196,3122,2859,1810,1458,2080,2558,0
295,662,385,1624,3097,2824,1128,863,1418,1224,0
541,1088,689,1809,2599,2478,1427,1228,1790,2031,0
483,979,632,2014,2998,2771,1478,1095,1703,1877,0
667,1334,842,2070,2823,2825,1651,1412,2129,2479,0
366,858,519,2024,3400,3215,1427,1105,1799,1640,0
545,948,671,1671,2539,2261,1290,1058,1502,1915,0
648,1162,826,1905,2664,2507,1457,1338,1794,2349,0
476,879,519,1592,2563,2363,1274,1126,1655,1853,0
480,1155,612,2625,3737,3511,1904,1452,2282,2114,0
492,1033,620,2217,3461,3078,1489,1199,1886,1905,0
514,1062,684,2141,2990,3011,1534,1197,1856,2036,0
454,962,576,1660,3026,2422,1277,1051,1562,1640,0
497,1110,709,2467,4116,3741,1619,1223,2099,2019,0
552,1207,752,2163,3622,3026,1670,1351,2113,2184,0
408,822,514,1435,2329,2125,1220,945,1485,1461,0
506,1239,569,1903,3644,3023,1558,1313,1986,2115,0
483,1007,642,1878,2793,2519,1227,1131,1401,2355,0
492,1071,757,2273,3568,3032,1673,1238,1776,1954,0
551,1203,702,2416,3553,3578,1928,1448,2381,2247,0
493,1013,687,2245,3739,3088,1574,1213,1773,1768,0
574,1141,727,1951,3077,2736,1591,1276,1883,2297,0
417,906,546,1484,2926,2259,1132,1013,1236,1941,0
551,1085,677,2057,3491,3147,1594,1328,2046,2384,0
498,1035,650,2062,3452,3132,1667,1257,1981,2440,0
492,983,730,2329,3904,3371,1651,1198,1824,2318,0
251,727,387,1749,3221,2891,1264,826,1400,1284,0
367,966,627,2534,3661,3646,1812,1363,2620,1674,0
439,992,599,2132,3392,3302,1642,1211,1919,1910,0
521,1118,666,2073,3825,3056,1549,1250,1921,2270,0
584,1084,793,2029,2838,2741,1597,1242,1857,2155,0
440,966,582,2196,3842,3295,1630,1306,1777,1948,0
625,1140,829,2173,3877,3083,1496,1328,1843,2086,0
457,916,630,2217,4018,3460,1443,1043,1663,2017,0
564,1135,775,2113,3540,2995,1582,1302,1817,2039,0
516,1037,738,2254,3501,3186,1515,1234,1743,1869,0
479,1058,660,2233,3591,3367,1638,1138,1850,1894,0
490,1068,654,2131,2782,3182,1741,1352,2126,2186,0
436,898,626,2153,3611,3241,1600,1183,1840,1836,0
305,838,582,2528,3873,3673,1443,1109,1967,1466,0
337,766,436,1773,3161,2774,1235,912,1561,1373,0
474,1065,554,1805,2928,2727,1234,1234,1843,1736,0
502,948,702,1660,2979,2492,1273,1131,1258,2070,1
565,1061,676,1840,2850,2630,1329,1173,1651,1865,1
672,1211,787,2024,3347,2717,1503,1309,1737,2144,1
367,864,506,1723,2828,2593,1316,1004,1479,1646,1
480,913,680,2030,3454,3028,1499,1096,1496,1739,1
443,970,571,1674,3185,2474,1231,1119,1453,1664,1
396,910,520,1600,3233,2528,1137,964,1262,1480,1
393,761,596,1962,3692,2879,1252,894,1257,1418,1
413,1004,613,1872,3259,2744,1498,1111,1643,1825,1
483,928,678,1790,2680,2498,1374,1015,1550,1678,1
505,1110,711,1874,3650,2760,1416,1271,1661,2085,1
478,959,708,1977,3087,2733,1399,1075,1482,1654,1
415,1013,548,1946,3311,2824,1319,1033,1502,2370,1
376,847,528,1777,2911,2642,1242,958,1449,1463,1
446,955,598,1866,2980,2682,1417,1046,1553,1689,1
372,815,471,1754,3053,2731,1232,961,1518,1593,1
486,962,733,2235,3318,3005,1538,1145,1698,1890,1
595,1028,701,1635,2435,2277,1354,1141,1523,2067,1
590,1169,807,2016,3497,2603,1298,1179,1605,1850,1
533,1146,763,2053,3552,2897,1532,1234,1663,2084,1
386,744,607,1863,3021,2697,1260,897,1323,1476,1
531,1102,713,2217,3940,3294,1581,1290,1788,2094,1
506,981,670,1630,2515,2150,1226,1118,1446,1807,1
549,1212,756,2224,3494,3065,1554,1295,1811,2328,1
512,943,680,1778,2647,2594,1497,1030,1512,2017,1
596,1190,725,1914,3227,2585,1424,1289,1642,2733,1
527,1347,711,2723,4768,4181,1957,1564,2633,2769,1
469,1214,681,2117,4331,3311,1493,1260,1728,2157,1
365,891,630,1928,3575,2708,1355,960,1296,1544,1
406,823,573,1722,2810,2528,1214,936,1408,1602,1
299,709,390,1644,3365,2917,1270,875,1375,1364,1
460,1037,540,1710,2978,2548,1305,1142,1366,1794,1
329,850,485,1718,3025,2652,1360,974,1478,1525,1
501,843,685,1847,3102,2679,1300,1019,1480,1796,1
502,971,688,1912,2931,2782,1464,1082,1510,1888,1
364,869,510,1837,2905,2522,1292,1032,1684,1577,1
440,883,677,1998,3135,2849,1449,1033,1389,1635,1
393,844,518,1706,3134,2901,1430,1030,1535,1689,1
531,962,728,1894,2814,2532,1420,1163,1589,1837,1
526,1026,683,2159,3523,3170,1530,1298,1984,1972,1
336,693,447,1655,3126,2768,1190,794,1161,1270,1
386,827,534,1814,3022,2624,1391,951,1540,1464,1
414,948,568,1637,2880,2463,1258,1037,1449,1773,1
400,784,499,1630,2935,2388,1147,955,1528,1471,1
466,1010,541,1633,3100,2536,1358,1168,1635,1749,1
334,826,463,2039,3409,3051,1546,1034,1725,1621,1
457,991,626,1966,3107,2847,1287,961,1487,1704,1
484,1045,664,1812,3075,2692,1470,1083,1605,1910,1
388,849,521,1958,3348,3011,1509,1060,1618,1698,1
449,933,688,1805,3198,2569,1335,1025,1419,1659,1
518,1152,652,1779,3279,2572,1418,1316,1778,1951,1
493,1043,557,1656,3125,2337,1148,1062,1319,1892,1
426,1046,592,1678,2825,2450,1291,1123,1526,1692,1
495,998,662,1944,2682,2637,1416,1136,1377,2013,1
401,848,592,1916,2894,2634,1341,957,1504,1673,1
516,1189,669,1955,3433,2877,1512,1260,1743,1982,1
443,974,685,2237,3859,3126,1577,1202,1742,1776,1
343,770,490,1920,3481,3107,1423,1003,1549,1391,1
295,857,455,2146,3163,3414,1399,1136,2074,1636,1
426,904,539,1528,2698,2515,1168,1048,1531,1685,1
509,972,597,1695,2877,2451,1201,978,1479,1873,1
515,974,656,1663,2921,2277,1233,1079,1403,1725,1
519,1250,722,1858,3308,2541,1368,1273,1682,2055,1
584,1069,782,1928,3400,2866,1420,1230,1702,2099,1
454,1018,633,1852,3312,2699,1394,1151,1590,1769,1
383,866,555,1923,3194,3165,1457,1070,1579,1687,1
462,1099,626,2008,3500,2770,1472,1233,1614,1716,1
511,942,659,1784,3024,2581,1393,1061,1548,1811,1
461,1012,623,1783,3729,2955,1332,1162,1669,1765,1
443,1049,557,2127,3449,3196,1426,1123,1730,1717,1
663,1158,738,1965,3257,2692,1335,1313,1810,2137,1
578,1138,763,1883,2933,2574,1416,1257,1698,2128,1
394,886,567,1793,2795,2560,1287,900,1363,1497,1
365,855,513,1759,3505,2951,1246,982,1426,1648,1
537,910,745,1808,2984,2478,1284,1031,1433,1790,1
593,1154,664,1817,2921,2585,1362,1259,1823,2142,1
403,885,515,1991,3500,2918,1401,958,1530,1564,1
400,848,551,1604,3090,2630,1239,962,1347,1548,1
378,877,549,1766,3027,2618,1393,1009,1628,1635,1
433,1040,627,2013,3124,2857,1388,1109,1630,1799,1
365,925,480,1935,3399,2968,1282,979,1659,1506,1
416,901,711,1890,3198,2680,1330,934,1323,1677,1
410,824,559,1628,2886,2418,1216,951,1226,1642,1
456,1027,671,2210,3630,3336,1548,1245,1559,1982,1
525,1005,707,1694,2670,2356,1299,1130,1450,1816,1
624,1174,889,2452,3840,3213,1919,1315,1984,2200,1
504,984,767,1994,3256,2849,1396,1156,1597,1865,1
645,1124,792,2210,3491,3159,1758,1319,1812,2856,1
431,886,676,1903,2765,2580,1467,1044,1580,1725,1
465,918,579,1880,3013,2676,1282,996,1464,1703,1
432,938,559,1802,2982,2641,1265,990,1508,1603,1
317,752,514,1836,3248,2874,1318,910,1411,1460,1
534,896,649,1840,3061,2536,1292,1013,1522,1785,1
448,1041,578,1961,2572,2924,1607,1250,1915,2206,1
282,705,478,1816,3040,2746,1137,942,1208,1478,1
366,891,488,1916,3346,2903,1339,1036,1696,1580,1
386,818,557,1746,3565,2898,1244,1011,1400,1555,1
336,787,509,1953,3203,2895,1120,840,1349,1503,1
331,797,525,1759,3257,2926,1355,954,1430,1514,1
431,939,544,1518,2803,2270,1246,1063,1540,2101,1
442,970,622,2068,3570,3069,1402,992,1447,1967,1
555,1134,793,1700,2687,2410,1393,1205,1739,2064,1
309,682,433,1622,3081,2558,1091,786,1130,1304,1
528,989,627,1676,2726,2322,1308,1156,1452,2025,1
392,872,568,1930,3299,2824,1402,1013,1580,1597,1
379,831,475,1753,3592,2911,1117,893,1095,1802,1
541,1120,657,2155,3685,3255,1460,1280,1706,2341,1
472,880,617,1891,2944,2655,1265,1015,1276,1794,1
482,1060,703,2150,3624,3115,1533,1241,1864,1868,1
443,907,591,1647,3223,2484,1256,1012,1346,1747,1
418,988,585,1638,3345,2620,1310,1006,1447,1757,1
491,971,655,1879,3094,2691,1257,998,1399,2120,1
299,698,393,1766,3738,3115,1150,847,1195,1619,1
438,864,591,1672,2795,2617,1312,993,1413,1759,1
524,1008,688,2120,3232,3086,1624,1283,1977,2012,1
460,992,611,1814,2728,2716,1424,1143,1730,1882,1
463,940,665,2043,3792,2973,1434,1209,1395,2104,1
623,1116,776,1952,2745,2663,1567,1287,1919,2116,1
338,861,456,1581,2799,2622,1387,911,1482,1675,1
414,797,521,1617,2885,2426,1151,986,1225,1703,1
494,1064,623,1786,3320,2673,1349,1227,1752,1904,1
673,1204,879,2186,3489,2993,1711,1400,1963,2327,1
379,872,458,1869,3126,2934,1411,1062,1724,1541,1
542,941,736,1718,2428,2444,1409,1050,1439,1811,1
428,973,660,1968,3390,2768,1482,1169,1533,1813,1
422,1098,658,2254,4153,3423,1647,1310,1898,1785,1
481,1077,702,2160,3250,2987,1687,1211,1862,2013,1
536,1068,673,2179,2972,2851,1614,1333,1924,2000,1
415,974,643,2081,3712,3191,1596,1157,1617,1694,1
518,1027,730,2070,3038,2729,1467,1209,1546,1858,1
362,930,515,1893,3421,2894,1281,1026,1327,1665,1
562,1198,720,1989,3719,2765,1394,1287,1544,2434,1
513,1038,714,2118,3782,3034,1520,1179,1719,1873,1
395,891,573,1671,3211,2662,1306,1082,1391,1638,1
345,833,501,2125,3615,3185,1424,1023,1657,1573,1
424,937,592,1766,2776,2686,1423,1036,1418,1567,1
354,847,562,1936,3189,2799,1396,1020,1602,1541,1
684,1332,839,2094,3213,2953,1672,1373,1974,2206,1
419,967,566,1959,3562,2965,1440,1114,1643,1649,1
587,998,731,2066,3258,2668,1393,1140,1464,1812,1
442,853,599,1738,2753,2499,1396,1018,1522,1694,1
438,1032,605,1835,2994,2615,1342,1019,1592,1809,1
488,977,640,2213,3744,3489,1707,1179,1743,1892,1
307,714,467,1642,3123,2580,1043,878,1068,1476,1
349,862,439,1808,3318,2976,1312,1037,1485,1726,1
312,773,475,1847,3567,2946,1242,850,1377,1312,1
582,1149,673,1699,3114,2400,1217,1160,1490,1894,1
558,1189,827,2343,3595,3111,1688,1317,1946,2101,1
412,957,551,1749,3095,2539,1299,1007,1499,1642,1
523,947,656,1680,2834,2527,1319,1003,1387,2106,1
514,959,583,1594,2582,2405,1348,1156,1577,1862,1
501,914,593,1554,2555,2135,1155,986,1251,2018,1
574,1223,759,2151,3721,2934,1585,1529,2007,1997,1
436,952,551,1797,3131,2732,1314,1070,1496,1959,1
380,907,555,1958,3298,3186,1571,1135,1793,1708,1
289,738,410,1685,3114,2903,1205,812,1395,1337,1
504,896,611,1764,3183,2682,1332,1051,1428,1799,1
415,959,577,1981,4317,3127,1383,1152,1643,1598,1
393,933,505,1907,2613,2666,1196,999,1422,2121,1
510,956,673,1741,2924,2439,1184,1080,1243,1940,1
426,876,652,1956,3291,2745,1350,1026,1488,1628,1
563,1330,716,2158,3447,2903,1609,1412,2122,2163,1
428,848,563,1653,3111,2458,1230,1026,1314,1448,1
479,922,607,1716,2901,2348,1146,1015,1375,1627,1
446,1112,607,1677,2800,2365,1256,1120,1513,1753,1
536,872,682,1913,3259,2572,1291,1019,1340,1680,1
414,908,620,2016,3747,3152,1506,1103,1657,1647,1
300,838,474,2079,3579,3309,1266,969,1599,1457,1
303,771,478,1720,2920,2542,1176,855,1217,1764,1
397,898,572,1950,3277,2935,1468,1064,1821,1676,1
602,1059,712,1760,3014,2544,1319,1188,1505,1974,1
713,1173,822,2106,3037,2750,1645,1365,1864,2237,1
422,969,517,1657,3000,2529,1255,1086,1582,1684,1
481,1058,598,1826,3355,2581,1224,1256,1360,2365,1
342,860,476,1725,3272,2819,1286,939,1502,1470,1
339,789,425,1678,3354,2657,1163,894,1406,1281,1
416,819,526,1842,3016,2840,1294,929,1320,1493,1
369,810,538,1707,2763,2491,1155,884,1113,1622,1
434,962,550,1569,2616,2440,1308,1154,1607,1815,1
484,926,649,1972,3083,2939,1469,1103,1529,1706,1
368,891,518,1613,3457,2654,1103,1007,1189,1657,1
326,780,436,1642,3159,2664,1124,878,1438,2073,1
511,1080,677,2217,3619,3458,1713,1296,1964,1996,1
328,815,397,1633,3177,2685,1269,1005,1432,1749,1
246,696,441,1846,3350,2960,1198,896,1408,1219,1
539,1016,670,1700,2603,2296,1277,1111,1329,2091,1
518,969,765,2012,3260,2890,1419,1148,1506,1861,1
489,854,643,1621,2641,2278,1174,1061,1315,1750,1
385,917,518,2005,2863,2617,1323,1057,1317,2118,1
290,669,437,1693,3317,2768,1182,818,1290,1283,1
516,982,711,2128,3777,3151,1491,1248,1709,1831,1
624,1115,820,2018,2848,2522,1483,1201,1691,2093,1
405,1010,587,1946,3383,2893,1385,1084,1439,1618,1
326,770,509,1670,3067,2525,1190,828,1323,1432,1
445,978,555,1695,2985,2536,1251,1132,1572,1674,1
642,1219,836,1967,3277,2748,1451,1352,1635,2268,1
505,975,654,1686,3069,2485,1186,1157,1544,1733,1
500,870,658,1824,2696,2508,1294,1011,1395,1764,1
329,809,403,1796,2929,2785,1199,894,1354,1422,1
558,1232,679,1838,3495,2749,1503,1343,1781,2162,1
285,732,381,1544,3216,2710,1052,814,1127,1591,1
543,1099,747,2226,3341,3030,1503,1125,1641,1881,1
587,1085,700,1876,3235,2552,1424,1250,1530,1953,1
440,947,594,1763,3230,2698,1330,1109,1528,1657,1
329,817,462,1839,3351,2986,1320,946,1462,1510,1
548,974,727,1994,3566,2620,1241,1102,1346,2073,1
538,1016,779,1915,3145,2598,1434,993,1447,2071,1
507,939,672,1760,2577,2516,1361,1064,1597,1763,1
468,830,668,1872,2983,2589,1323,941,1390,1636,1
370,953,533,2192,3714,3207,1346,1068,1450,2037,1
558,946,742,1826,2907,2448,1304,1018,1430,1807,1
513,1008,778,2089,3212,3130,1669,1109,1679,1881,1
494,951,693,2166,3285,2978,1693,1183,1700,1900,1
392,935,560,2056,3831,3167,1178,1008,1573,1630,1
337,806,443,1763,2907,2900,1355,1059,1809,1636,1
551,1036,748,2093,3082,2932,1610,1244,1585,2339,1
447,890,634,1924,2878,2733,1442,1064,1546,1694,1
308,742,432,1636,3222,2630,1152,804,1329,1311,1
348,897,469,1797,3099,3028,1429,1031,1713,1549,1
360,859,531,1653,2894,2424,1223,991,1384,1528,1
528,1050,692,1803,3234,2602,1399,1222,1676,1784,1
510,969,672,1993,3158,2774,1347,1161,1534,1794,1
560,1004,668,1615,2439,2264,1275,1140,1569,2408,1
576,1054,692,1605,2566,2196,1357,1139,1642,1933,1
440,896,615,1917,2780,2724,1379,1126,1510,1863,1
587,1087,646,1736,2819,2527,1279,1154,1468,2069,1
337,787,517,1678,3205,2594,1196,925,1375,1426,1
441,801,603,1723,2961,2813,1259,948,1236,1675,1
298,751,472,1946,4013,3349,1279,853,1325,1314,1
434,1032,594,2287,3830,3431,1746,1292,2179,1949,1
478,987,606,1749,3247,2514,1199,1041,1547,1746,1
770,1296,908,2081,2955,2765,1751,1511,2118,2535,1
388,993,574,2115,4104,3298,1452,1131,1450,1847,1
475,1076,634,1851,3501,2648,1209,1190,1425,1991,1
418,922,605,1674,2855,2596,1389,1119,1459,1831,1
330,863,438,1762,3506,2852,1356,1046,1548,1548,1
346,796,411,1572,3130,2740,1259,983,1443,1539,1
519,1151,684,2033,3895,2968,1450,1307,1735,1968,1
470,995,651,1967,3085,2731,1513,1119,1784,1832,1
366,888,506,1756,3132,2688,1408,1030,1413,1555,1
571,1029,736,1714,2662,2258,1365,1155,1541,1909,1
243,698,430,1810,3219,2903,1137,860,1432,1268,1
532,1025,648,1664,2599,2254,1245,1000,1513,2252,1
455,1003,673,1910,3055,2750,1487,1149,1627,2076,1
473,1109,558,1957,3208,2829,1296,1157,1741,2262,1
800,1515,857,2102,3154,2828,1615,1604,2206,3449,1
434,867,615,1913,3046,2835,1458,1052,1445,1770,1
590,1080,822,1978,2962,2550,1464,1216,1630,2257,1
465,1014,619,1886,3487,2723,1444,1086,1404,2057,1
413,1055,558,1643,2744,2448,1306,1136,1638,1638,1
475,892,621,1600,2516,2389,1159,1017,1410,1727,1
486,1003,679,1657,2520,2279,1371,1118,1518,1922,1
429,1039,620,2127,4022,3073,1423,1094,1632,1636,1
380,885,548,2013,3197,3001,1489,1072,1748,1657,1
397,830,527,1764,3166,2680,1164,943,1339,1574,1
474,1076,633,1995,3604,2898,1338,1083,1628,1900,1
522,1196,728,1953,3631,2803,1593,1343,1658,1892,1
550,1071,706,1737,2570,2343,1320,1132,1515,1924,1
563,921,657,1817,2802,2550,1367,1085,1581,1903,1
638,1097,813,2088,3260,2769,1549,1194,1653,2099,1
544,1004,725,2090,3399,2907,1670,1210,1642,1827,1
431,967,552,1755,3249,2842,1392,1127,1591,1938,1
423,975,661,1896,2843,2741,1385,1008,1522,1714,1
410,955,567,2086,3766,3129,1387,1067,1557,1668,1
482,859,619,1726,2757,2588,1316,946,1336,1706,1
479,899,636,1696,2819,2424,1293,1007,1485,1762,1
533,1084,679,1695,2858,2341,1333,1189,1598,1912,1
402,859,583,1859,2838,2639,1460,1097,1479,1760,1
479,917,634,1668,2586,2284,1214,1019,1440,1737,1
512,1083,647,2213,3812,2994,1543,1314,1515,2259,1
432,1059,616,1903,3334,2887,1478,1112,1706,1699,1
510,1046,735,2149,3199,2946,1565,1195,1724,2043,1
485,1001,749,2102,3308,2940,1539,1159,1708,1893,1
416,968,559,1909,3074,2857,1423,1055,1646,1655,1
398,851,603,1930,3700,3085,1348,1037,1601,1632,1
472,941,733,1990,3286,2762,1345,1000,1274,2076,1
392,988,605,1982,3515,3200,1453,1114,1669,2047,1
575,1060,696,1836,2973,2684,1415,1147,1613,2555,1
471,1039,691,1875,3024,2554,1372,1086,1606,1837,1
541,986,776,1994,3420,2889,1433,1144,1485,1838,1
382,897,528,1944,3504,2857,1402,1023,1573,1638,1
495,854,686,1720,2493,2381,1290,964,1347,1678,1
408,1050,632,2311,3527,3255,1456,1118,1830,1705,1
394,953,618,2123,3453,3109,1353,989,1627,2021,1
470,918,634,1817,2790,2612,1481,1020,1526,1777,1
571,1060,691,1734,2656,2509,1352,1149,1713,1877,1
398,844,610,1937,3180,2770,1388,950,1303,1488,1
501,944,631,1732,2703,2559,1381,1038,1633,1746,1
559,1010,714,1888,2829,2643,1440,1182,1613,1962,1
531,1113,600,2212,3927,3174,1486,1415,1929,2215,1
464,1039,568,1868,3294,2739,1249,1180,1547,1847,1
448,1072,632,2044,3621,2937,1510,1275,1882,1869,1
436,908,555,1607,2752,2410,1220,1047,1525,1750,1
449,841,572,1689,3081,2608,1169,949,1368,1552,1
490,888,620,1791,2749,2510,1268,1029,1487,1688,1
438,907,569,1928,3423,2997,1378,1051,1507,1736,1
598,1138,792,1953,2996,2600,1509,1296,1733,2115,1
665,1268,865,2203,3244,2851,1602,1331,1668,2783,1
378,913,509,1922,3420,3037,1261,1102,1570,1700,1
525,1135,597,2114,3712,3118,1703,1322,1967,2196,1
519,910,730,1697,2597,2401,1211,999,1395,1754,1
474,937,638,1859,3497,2787,1312,1051,1506,1738,1
369,854,550,2004,3649,2957,1273,933,1334,1575,1
503,946,607,1718,3232,2648,1166,1131,1569,1879,1
449,940,634,1763,2583,2494,1341,1017,1370,2110,1
466,1082,602,1703,3183,2714,1466,1160,1879,1937,1
471,926,638,1876,2650,2720,1376,1059,1559,1631,1
500,894,702,1695,2511,2153,1191,932,1352,1693,1
367,916,465,1774,2845,2916,1474,1099,1784,1700,1
514,966,657,1740,2351,2294,1305,1040,1583,1828,1
415,976,539,2001,3471,3057,1447,1019,1769,1587,1
399,810,530,1782,3251,2741,1366,939,1425,1448,1
363,777,499,1952,3668,3067,1372,960,1498,1455,1
465,778,649,1884,2751,2608,1375,1007,1285,1814,1
381,882,543,1863,3292,2977,1335,967,1403,1609,1
429,846,631,1979,3204,2937,1490,1005,1412,1565,1
480,1044,593,1618,2458,2293,1277,1122,1555,1828,1
376,872,559,1846,2691,2803,1389,958,1408,1544,1
407,971,577,1938,3276,2994,1604,1233,1704,2046,1
458,909,714,1995,2945,2719,1505,1019,1477,1729,1
648,1127,834,2136,3098,2989,1665,1394,1974,2166,1
592,1129,825,2029,3257,2824,1571,1237,1738,2138,1
594,1061,754,2058,3340,2844,1423,1190,1536,1883,1
515,1051,741,2110,3607,2944,1549,1353,1724,1976,1
431,1026,575,2129,3779,3135,1320,1259,1407,2143,1
649,1213,794,1935,2984,2605,1433,1253,1734,2512,1
533,984,769,1803,2457,2377,1509,1170,1580,1878,1
612,1119,743,1988,2982,2694,1458,1318,1625,2573,1
365,803,482,1889,3267,3038,1426,894,1625,1507,1
497,1029,700,1814,2803,2547,1473,1214,1694,1937,1
598,1169,759,2097,3308,2745,1354,1290,1516,2126,1
338,756,492,1647,2993,2825,1391,976,1547,1490,1
592,1029,740,1685,2661,2409,1386,1163,1540,2027,1
408,937,569,1928,3688,3087,1299,1015,1628,1557,1
400,934,590,2023,3540,3105,1530,1049,1598,1713,1
496,1055,642,1697,2857,2443,1250,1044,1570,1814,1
394,981,564,1890,3102,2736,1395,1070,1532,1816,1
366,893,580,1933,3522,2992,1416,946,1335,1452,1
428,817,550,1806,2578,2579,1219,922,1195,1928,1
487,1085,694,2003,3520,2885,1473,1267,1626,1790,1
490,1118,747,2040,3013,2975,1648,1268,1841,1954,1
454,926,665,2094,3155,2935,1552,1188,1690,1775,1
460,859,604,1763,2909,2481,1267,971,1481,1778,1
534,1242,691,2235,4032,3561,1749,1497,2087,2292,1
315,795,462,1591,2865,2634,1245,880,1270,1668,1
469,944,652,2148,3616,2927,1340,1012,1442,2079,1
554,1025,629,1583,2802,2268,1126,1084,1424,1657,1
438,826,584,1958,3199,2959,1401,1046,1596,1537,1
431,1084,678,2110,3763,3122,1553,1232,1464,2133,1
413,981,563,2245,4045,3569,1786,1283,2007,1904,1
551,958,692,1689,2403,2418,1328,1138,1561,1956,1
458,979,587,1890,3410,3054,1345,1250,1526,2161,1
522,869,597,1585,2581,2330,1320,1088,1457,1870,1
382,901,580,1735,2961,2608,1150,998,1470,1579,1
412,964,602,1751,3036,2549,1190,963,1427,1561,1
363,792,497,1850,3181,2964,1296,914,1393,1506,1
480,1134,648,2109,3745,3326,1393,1219,1475,2823,1
455,1091,594,2126,3289,3225,1544,1125,1931,1900,1
480,1020,665,2016,3246,2980,1433,1141,1517,1870,1
511,927,635,1798,2718,2667,1446,1070,1550,1868,1
340,848,446,1898,3340,3012,1414,1088,1749,1660,1
373,910,540,2022,3842,3146,1428,1023,1556,1642,1
425,805,574,1811,3001,2528,1217,1017,1442,1515,1
613,1130,754,1837,3244,2509,1384,1231,1567,1975,1
482,1052,662,2144,3418,2872,1370,1134,1592,2138,1
446,1054,613,1854,3401,2700,1367,1089,1509,1741,1
360,795,492,1736,3114,2885,1360,982,1443,1425,1
504,970,684,1659,2865,2380,1150,1102,1513,1746,1
415,949,522,1925,3477,2881,1511,1074,1766,1734,1
480,975,682,2009,3706,2803,1312,1098,1499,1692,1
369,829,502,1581,3044,2580,1222,931,1288,1514,1
452,875,714,1990,3169,2917,1258,997,1222,1746,1
612,1086,830,1920,3263,2925,1540,1247,1722,2195,1
372,903,418,1709,3223,2696,1180,983,1651,1565,1
430,969,648,1821,2862,2433,1371,994,1362,1668,1
531,1023,702,1877,3170,2919,1507,1159,1711,2157,1
668,1217,813,1954,2708,2611,1534,1306,1705,2189,1
369,823,500,1908,3251,2916,1489,1026,1628,1652,1
360,821,445,1596,2768,2591,1187,891,1312,1574,1
414,1017,574,2104,3539,2905,1531,1137,1646,1615,1
437,955,664,1983,2913,2701,1400,1071,1579,1732,1
406,867,623,1847,3157,2846,1294,971,1348,1572,1
508,1188,668,2250,3061,3173,1626,1287,2059,2069,1
574,1091,764,1955,3072,2717,1545,1127,1650,2005,1
465,1221,639,1827,3360,2679,1523,1284,1922,2027,1
498,883,676,1702,2848,2573,1220,988,1293,1703,1
362,843,587,1883,3124,2692,1231,1020,1300,1964,1
473,901,604,1606,2748,2401,1279,1076,1418,1766,1
406,898,499,1773,2706,2599,1326,979,1278,1993,1
571,1028,676,1666,2619,2400,1417,1156,1634,1997,1
437,917,533,1814,3155,2820,1334,1047,1522,1730,1
379,989,608,2089,3813,3015,1365,1146,1300,1664,1
313,794,414,1725,3117,2724,1342,864,1586,1458,1
445,946,592,1662,3227,2661,1201,1121,1446,1693,1
369,926,529,1958,3224,2910,1351,1127,1363,1778,1
413,820,585,2301,3739,3468,1341,1024,1702,1491,1
432,878,595,1983,3262,2947,1490,1119,1589,1753,1
611,1151,789,1885,3054,2483,1354,1282,1673,2102,1
394,950,546,1675,2780,2651,1198,1069,1377,1760,1
411,916,608,1699,2602,2372,1338,1108,1540,1713,1
453,968,625,1895,3073,2803,1441,1011,1665,1752,1
470,914,648,2131,3633,3038,1571,1149,1649,1837,1
342,876,490,1811,3392,2657,1175,962,1309,1321,1
613,1158,777,1914,3066,2737,1415,1240,1791,2119,1
425,996,547,1788,3036,2528,1336,1091,1653,1667,1
360,800,525,1704,2982,2690,1240,892,1294,1401,1
412,975,602,1834,3082,2710,1409,1077,1651,1706,1
429,1086,617,2113,3670,3263,1586,1275,1979,1803,1
547,1017,814,2059,2920,2820,1520,1214,1735,1986,1
348,791,480,1930,3424,3064,1179,954,1473,1461,1
495,946,665,1827,2911,2719,1421,1000,1612,1842,1
538,998,730,1729,2556,2356,1390,1195,1663,1949,1
395,852,576,1856,3442,2777,1305,1033,1523,1613,1
482,1085,625,1636,2425,2244,1429,1219,1733,1929,1
436,1068,532,1817,3209,2558,1165,1118,1381,1938,1
302,699,421,1714,3170,2751,1232,888,1201,1286,1
547,993,646,1712,2785,2704,1415,1145,1708,2010,1
250,775,427,1809,3056,3041,1255,1003,1801,1315,1
482,944,673,1917,2938,2764,1482,1122,1530,1813,1
614,1095,713,1843,2551,2632,1425,1269,1811,2124,1
436,1019,584,1954,3268,3012,1485,1162,1605,1790,1
262,693,411,1792,3537,3176,1204,859,1305,1417,1
723,1296,841,2298,3455,3296,1891,1555,2314,2491,1
401,907,526,1944,3510,2978,1237,1084,1592,1620,1
488,922,615,1647,2875,2530,1260,1074,1552,1799,1
423,886,635,1875,3275,2866,1351,980,1349,1848,1
407,886,516,1708,3367,2707,1183,1072,1436,1586,1
553,1045,632,1760,2793,2596,1405,1151,1694,1869,1
443,1056,504,1626,2858,2353,1323,1092,1544,1701,1
434,892,466,1869,3282,3053,1471,1098,1717,1756,1
480,888,680,2043,3563,2992,1475,1063,1455,1749,1
417,865,582,1774,3352,2783,1277,1087,1363,1905,1
342,832,497,1787,3221,2862,1332,1026,1423,1590,1
311,835,424,1684,2814,2860,1430,1016,1672,1560,1
512,1007,722,1951,2996,2577,1509,1102,1616,2066,1
319,752,521,1761,3210,2777,1259,832,1190,1362,1
487,1113,597,1869,3806,2944,1417,1201,1696,1768,1
623,1061,723,1853,2722,2613,1407,1234,1717,2085,1
413,886,438,2025,3216,3300,1588,1192,2057,1748,1
307,778,387,1866,3735,3270,1343,878,1518,1542,1
554,945,640,1856,2754,2657,1341,1124,1621,1754,1
406,865,613,1826,3357,2945,1366,1072,1440,1645,1
639,1221,757,1960,3350,2651,1478,1315,1729,2036,1
512,887,714,2049,3738,2832,1249,1047,1287,1805,1
628,1112,767,2056,3118,2893,1560,1366,1848,2572,1
417,928,530,1524,2691,2415,1153,1059,1350,1765,1
325,723,410,1749,3525,2847,1083,842,1558,1302,1
409,876,543,1768,3639,2999,1312,1024,1560,1746,1
411,967,634,2116,3392,3073,1451,1145,1584,1793,1
397,843,567,1753,2659,2492,1327,910,1372,1649,1
418,860,605,1896,3017,2893,1394,1044,1507,1612,1
382,921,476,1862,3392,2890,1349,1035,1606,1525,1
592,1012,823,2049,3094,2842,1517,1154,1626,2041,1
425,845,621,1675,2847,2619,1193,912,1358,1599,1
634,1131,816,2171,3520,3085,1593,1383,1801,2106,1
570,1092,734,1890,2944,2484,1419,1106,1627,2199,1
417,1009,571,2141,3615,3164,1434,1069,1671,1745,1
470,1114,647,2044,3674,3164,1486,1132,1746,1883,1
466,950,717,1899,2962,2767,1435,1072,1573,2279,1
400,945,605,2125,3545,3164,1511,1120,1775,1715,1
417,928,583,1771,3060,2496,1224,1069,1420,1764,1
400,900,604,2003,3839,3176,1457,1028,1434,1734,1
661,1180,932,2228,3838,3192,1629,1327,1825,2088,1
524,1008,672,1792,2835,2611,1332,1146,1623,1951,1
317,711,403,1616,3313,2908,1161,841,1341,1254,1
456,882,632,2058,3161,2844,1351,1053,1442,1531,1
495,1097,619,2131,3557,3192,1588,1355,1847,1990,1
542,1038,657,1625,2850,2300,1090,1058,1393,1715,1
551,1127,685,2094,2749,2984,1734,1380,2188,2148,1
418,944,628,1794,2844,2683,1334,1032,1464,1621,1
529,1062,788,2157,3087,2977,1578,1166,1648,1970,1
461,934,552,1827,3048,2861,1375,1172,1549,2097,1
473,924,670,1936,3132,2360,1249,1083,1438,1915,1
385,839,481,1627,2829,2682,1240,970,1435,1552,1
429,930,662,1943,3081,2787,1338,1013,1403,1912,1
275,758,463,1880,3473,2911,1195,855,1265,1321,1
452,927,653,1876,2813,2585,1410,1119,1320,2028,1
503,918,647,1738,2904,2487,1325,1017,1453,1708,1
461,939,625,1755,2737,2471,1455,1042,1553,1904,1
361,912,464,2190,3329,3236,1358,959,1807,1568,1
609,1045,785,1964,2865,2494,1384,1243,1522,2091,1
503,1166,662,1845,3182,2630,1370,1200,1654,1958,1
404,939,629,2078,3670,2941,1319,1109,1532,1564,1
337,670,477,1754,3147,2737,1215,777,1208,1281,1
431,905,632,1960,3066,2701,1432,1014,1389,1781,1
409,883,574,1723,3346,2592,1213,1017,1391,1484,1
434,988,615,1670,3281,2535,1226,1080,1387,1994,1
404,908,517,1784,3131,2822,1285,1162,1663,1702,1
343,790,386,1637,3028,2868,1213,967,1427,1768,1
399,903,612,1701,2952,2460,1296,910,1302,1861,1
461,965,701,2048,3344,2748,1398,1069,1438,1998,1
368,770,494,1585,3203,2581,1150,881,1283,1431,1
463,944,653,2017,3315,2880,1446,1114,1536,1846,1
386,817,531,1879,3331,3066,1342,1039,1614,1539,1
394,880,567,1995,3509,2783,1388,1027,1411,1470,1
520,869,603,1775,2662,2584,1391,1030,1439,1828,1
333,754,467,1727,3404,2736,1283,848,1322,1364,1
617,1234,799,1994,3386,2796,1503,1466,1646,2292,1
540,951,625,1774,2805,2377,1303,1198,1424,2255,1
457,924,602,2138,3576,3221,1448,1124,1602,1744,1
396,736,586,1664,2982,2505,1122,874,1116,1765,1
427,964,517,1699,2798,2483,1324,1079,1480,1799,1
479,969,635,1806,2713,2570,1280,1041,1552,1760,1
322,817,494,1688,2742,2406,1317,890,1448,1479,1
459,1127,602,1916,3376,2943,1264,1207,1703,1859,1
546,1052,817,2235,3242,3024,1567,1187,1657,1899,1
419,943,656,2044,3490,3084,1428,1090,1683,1723,1
468,1108,675,1796,3047,2780,1365,1259,1694,1928,1
622,1063,725,2111,3310,2857,1429,1200,1785,2058,1
369,746,553,1865,3583,2961,1156,798,1067,1380,1
372,1062,566,1619,2917,2538,1303,1111,1625,1707,1
355,802,547,1768,3235,2745,1276,938,1405,1482,1
523,934,721,1790,2794,2588,1304,1061,1580,1850,1
458,1026,642,2057,3585,3077,1467,1190,1532,1793,1
361,928,446,1742,2827,2873,1426,1047,1829,1641,1
377,780,498,1627,3088,2725,1196,903,1260,1434,1
319,727,434,1800,3729,2926,1217,857,1266,1431,1
335,764,446,1815,3248,2789,1128,880,1323,1312,1
614,1075,802,1807,2743,2493,1314,1196,1606,2037,1
445,920,608,1877,3630,2969,1377,1123,1512,1731,1
465,996,640,2193,3320,3075,1613,1143,1772,1964,1
442,981,571,1697,3011,2605,1280,1092,1427,1588,1
379,842,467,1600,3112,2674,1266,1043,1360,1517,1
539,960,757,2028,3238,2749,1446,1188,1590,1873,1
351,842,518,1835,2981,2727,1249,1032,1336,1571,1
547,1041,609,1656,2581,2317,1365,1117,1624,1927,1
499,1232,706,2241,4214,3343,1632,1396,1982,1983,1
577,1061,693,1998,3164,2785,1392,1301,1527,2366,1
360,911,519,1850,3162,2940,1383,1066,1857,1639,1
356,839,500,1817,3021,2744,1357,919,1279,1668,1
344,786,455,1775,3394,2731,1291,922,1314,1838,1
502,838,558,1777,2744,2730,1308,1030,1461,1743,1
457,1009,694,1953,3219,2886,1373,1139,1550,1785,1
408,849,616,1964,3185,2708,1222,945,1287,1980,1
515,954,671,2021,3047,2944,1415,1127,1754,1839,1
470,1006,604,1871,3669,2984,1395,1147,1601,2123,1
450,919,702,1996,3172,2725,1417,1066,1441,1600,1
420,1022,612,1807,3181,2755,1373,1087,1684,1767,1
434,954,545,1723,3321,2799,1327,1049,1556,1679,1
396,925,535,1877,3423,2737,1291,913,1316,1863,1
523,986,663,1693,2605,2239,1294,1064,1419,1792,1
351,830,540,1791,3121,2737,1299,1037,1449,1605,1
492,1036,653,1707,2864,2453,1397,1060,1576,2012,1
341,707,485,1672,3135,2688,1098,815,1144,1291,1
490,1167,571,1710,3277,2654,1401,1306,1754,1951,1
465,1184,545,1726,3053,2370,1215,1235,1429,2177,1
393,827,531,1712,3022,2616,1238,987,1374,1574,1
372,878,539,1769,3351,2768,1165,1017,1371,1532,1
299,759,452,1729,3476,2790,1289,912,1259,1435,1
413,800,576,1793,2909,2630,1339,1010,1356,1570,1
557,1063,740,1778,2595,2389,1351,1126,1418,2151,1
485,1047,648,1818,3529,2761,1286,1141,1452,1769,1
505,988,562,2040,3312,3046,1559,1229,2000,2045,1
438,1019,559,1703,3206,2857,1345,1123,1539,1699,1
515,1209,753,1852,3296,2639,1532,1269,1669,2030,1
564,990,741,1888,3038,2612,1310,1088,1595,1861,1
524,999,571,1742,3143,2649,1267,1133,1553,1855,1
329,770,494,1786,3442,2869,1203,874,1303,1270,1
453,1028,642,1991,3512,2808,1435,1267,1579,1785,1
411,906,568,1756,2554,2439,1187,988,1256,1795,1
571,1022,687,1649,2758,2370,1240,1112,1461,1862,1
408,849,588,1675,3080,2456,1143,963,1256,1775,1
347,771,497,1749,3098,2727,1238,940,1416,1437,1
426,937,722,2108,3654,2980,1420,1054,1536,1861,1
397,966,516,1853,3528,2690,1288,1006,1464,2040,1
539,903,700,1910,3338,2661,1305,1183,1478,1731,1
593,980,671,1629,2414,2180,1255,1093,1432,2273,1
416,941,547,1937,3552,2986,1358,1148,1643,1724,1
450,1070,570,1622,2952,2273,1107,1123,1307,1914,1
384,964,564,1614,3377,2475,1109,965,1220,1538,1
400,926,551,1814,3116,2656,1433,999,1526,2059,1
595,1049,717,1750,3105,2522,1242,1084,1504,1870,1
574,1088,754,1912,2967,2706,1481,1197,1596,2006,1
350,843,516,2172,3575,3225,1356,1031,1496,1960,1
436,967,594,1917,3281,2785,1255,1029,1236,2072,1
453,1060,558,1823,2953,2715,1353,1198,1716,2219,1
733,1203,881,2150,3422,2807,1661,1360,1833,2310,1
431,1010,545,2183,3749,3312,1378,1124,1579,2310,1
500,877,597,1688,2806,2451,1210,978,1327,1657,1
502,913,688,1830,2957,2710,1355,1070,1440,1810,1
345,800,513,1822,3532,2678,1248,921,1330,1390,1
354,830,474,1806,3290,2960,1521,965,1574,1586,1
333,804,522,1724,3496,2852,1110,944,1282,1503,1
410,935,579,1798,2749,2659,1384,1179,1579,1873,1
324,883,462,1690,2912,2433,1286,881,1453,1422,1
350,922,535,1698,2828,2665,1329,970,1452,1616,1
489,908,634,1884,2885,2529,1370,1036,1489,1688,1
535,1205,664,1821,3355,2629,1394,1300,1769,2056,1
484,954,664,1919,3221,2724,1426,1094,1539,1770,1
329,760,445,1770,3313,2947,1301,876,1464,1315,1
414,867,598,1825,3015,2721,1311,998,1502,1689,1
598,1052,743,1887,3080,2436,1246,1196,1404,1993,1
327,729,426,1738,3327,2928,1273,906,1336,1346,1
378,840,551,1761,3022,2705,1464,1056,1495,1655,1
445,810,531,1686,2830,2649,1302,1029,1486,1596,1
486,893,658,1851,3005,2599,1421,1142,1436,1809,1
591,1019,749,1805,3006,2526,1305,1137,1547,1803,1
544,974,712,1869,3078,2673,1478,1139,1695,1915,1
341,787,446,1766,3117,2807,1325,916,1384,1448,1
438,1005,596,1938,3290,2987,1459,1114,1659,1696,1
501,939,625,1902,3183,2610,1224,995,1266,2067,1
282,722,400,1648,3357,3070,1104,891,1293,1688,1
344,823,499,1663,3204,2747,1259,1016,1248,1432,1
290,801,459,1781,2944,2938,1312,1100,1567,1424,1
425,872,609,2014,3963,3035,1224,965,1285,1533,1
350,828,532,1747,3074,2787,1303,959,1537,1583,1
457,892,692,2150,3860,3253,1444,1062,1569,1733,1
433,931,598,1699,3477,2551,1092,1021,1205,1933,1
547,974,642,1684,2592,2451,1320,1056,1444,1810,1
368,904,530,1740,3385,2851,1134,992,1445,1717,1
425,863,528,1766,2873,2480,1281,924,1369,1651,1
406,1000,563,1606,2833,2470,1280,1077,1608,1730,1
478,1008,646,1560,2484,2329,1275,1125,1510,1804,1
537,938,715,1770,3098,2500,1290,1014,1370,1872,1
402,892,581,1624,2796,2454,1201,1030,1509,1647,1
551,1190,698,1991,3435,2775,1576,1357,1963,2174,1
348,802,419,1584,3080,2681,1104,861,1327,1645,1
356,856,514,1631,2820,2550,1263,917,1436,1607,1
475,957,666,2209,3569,3239,1562,1109,1666,1820,1
353,811,490,1883,3726,2793,1220,875,1296,1433,1
440,1000,547,1581,3056,2422,1209,1134,1514,1611,1
427,974,581,2107,3645,3245,1341,1139,1662,1675,1
668,1140,861,2131,3163,2946,1676,1428,1842,2361,1
470,1015,779,2144,3628,2936,1458,1152,1583,2311,1
309,719,409,1635,3084,2715,1295,897,1408,1355,1
555,911,625,1618,2447,2232,1217,1085,1371,1703,1
435,811,586,1730,2908,2503,1334,974,1486,1723,1
475,899,656,1669,2850,2344,1127,934,1267,1687,1
422,867,525,1601,2645,2296,1195,952,1323,1899,1
437,1060,623,1944,3464,2880,1343,1167,1610,1825,1
385,896,475,1995,3516,3168,1325,999,1610,1537,1
420,929,471,1646,3519,2661,1162,1038,1300,1795,1
357,863,489,1969,3604,3232,1254,1000,1290,1752,1
419,977,579,1664,2727,2402,1123,1143,1302,2060,1
389,856,549,1611,2750,2478,1304,909,1442,1632,1
310,773,420,1833,3255,2979,1287,902,1470,1396,1
438,1029,565,1820,3461,2687,1272,1115,1575,1654,1
391,871,536,1769,3135,2640,1236,975,1338,1869,1
463,997,640,1794,3218,2651,1390,1071,1440,1774,1
470,1058,647,1809,3528,2527,1261,1183,1241,1900,1
491,889,671,1939,2779,2615,1446,1075,1624,1717,1
524,1117,731,2161,3646,3112,1627,1236,1885,2033,1
456,1147,616,2098,3702,3243,1626,1253,2243,1916,1
614,1167,682,1797,3304,2369,1240,1213,1525,1837,1
446,1050,563,1691,2939,2499,1298,1159,1513,1710,1
407,831,492,1823,3282,2743,1390,1015,1658,1591,1
427,949,605,2104,3628,3100,1522,1214,1490,1731,1
418,941,515,1521,2720,2303,1232,1061,1506,1630,1
313,766,533,1832,2958,2582,1279,876,1630,1343,1
376,838,576,1897,3318,3019,1388,951,1518,1663,1
262,682,361,1687,3577,3095,1150,825,1246,1209,1
329,824,495,1917,3401,3016,1319,974,1401,1534,1
339,812,497,1736,3242,2638,1258,951,1259,1428,1
535,1018,746,1948,3218,2698,1318,1040,1442,2277,1
336,822,409,1630,3403,2840,1225,1029,1469,1577,1
291,724,469,1870,3208,2905,1312,811,1354,1396,1
580,1054,712,1942,3014,2579,1471,1277,1444,2311,1
485,1003,712,2010,3008,2689,1425,1089,1622,1896,1
472,920,647,1835,2904,2657,1403,1090,1591,1756,1
452,924,613,1965,3228,2846,1506,1077,1468,1793,1
501,995,644,1853,3001,2682,1482,1086,1770,2238,1
441,1002,604,1878,3567,2783,1299,1118,1522,1626,1
639,1143,724,1834,2625,2599,1572,1332,1847,2245,1
492,907,703,2048,3372,2947,1378,1179,1512,1830,1
457,889,633,1997,3386,2877,1373,928,1386,1584,1
494,893,671,1855,2748,2531,1361,971,1556,1729,1
379,804,504,1777,3595,2808,1059,932,1148,1610,1
341,852,425,1907,3624,3068,1308,1059,1513,1736,1
384,933,529,2069,3334,3478,1549,1170,1933,2177,1
418,863,563,2056,3559,3104,1509,1071,1506,2291,1
356,917,488,1845,3352,2781,1122,965,1215,1865,1
336,939,465,1966,3168,2964,1375,1074,1557,1591,1
389,853,539,1852,3149,2721,1335,988,1467,1982,1
545,1000,775,2106,3392,2990,1469,1176,1542,1755,1
459,971,593,1987,3378,3118,1607,1159,1848,1827,1
411,933,568,1676,3188,2606,1247,1084,1573,1582,1
580,1068,795,1819,2894,2599,1340,1122,1461,1999,1
418,873,615,1881,3042,2787,1387,1027,1459,1639,1
361,819,480,1549,3218,2601,1143,892,1162,1640,1
449,856,575,1900,2779,2788,1435,996,1543,1745,1
404,848,557,2016,3216,2938,1462,1014,1542,1501,1
417,917,603,1891,2901,2595,1406,1014,1306,1606,1
506,892,679,1694,2677,2432,1328,1123,1538,1825,1
444,965,675,1902,2591,2701,1460,1059,1523,1686,1
679,1311,839,2308,3425,2928,1639,1500,2115,2422,1
362,913,535,1739,2934,2682,1276,1058,1596,1689,1
340,732,485,1678,3406,2993,1226,911,1286,1461,1
545,961,737,1864,2984,2535,1299,1100,1452,1713,1
374,845,528,1743,2736,2657,1229,918,1327,1683,1
427,938,624,1913,3276,2908,1447,1068,1607,1728,1
404,953,608,2064,3376,3092,1444,1139,1531,1823,1
405,983,485,1534,2673,2439,1241,1039,1464,1720,1
522,1195,658,1806,3240,2589,1392,1226,1654,2308,1
443,936,583,1733,2885,2720,1444,1069,1658,1739,1
401,899,564,1882,3080,2968,1425,1103,1365,1978,1
311,828,452,1713,3376,3015,1231,990,1415,1474,1
482,1116,640,2014,3106,2851,1339,1160,1671,1871,1
650,1311,788,2137,3289,3178,1707,1397,1915,2351,1
413,912,594,1733,2781,2435,1272,909,1406,2059,1
526,1101,663,1688,2730,2240,1318,1131,1610,2333,1
522,1140,726,2436,4110,3493,1793,1356,2189,1985,1
438,921,601,1899,3268,2941,1623,1134,1807,1721,1
567,1210,734,1857,2637,2418,1396,1243,1772,2100,1
330,783,499,1750,3313,2689,1268,888,1270,1429,1
531,1164,741,2073,3581,3023,1586,1361,1886,1979,1
550,946,684,1649,2775,2332,1238,1093,1477,1756,1
356,904,502,1884,3629,3019,1325,1047,1378,2033,1
407,982,561,2063,4333,3453,1489,1164,1715,1645,1
474,1124,577,1859,3488,2784,1356,1263,1733,1910,1
400,858,535,1786,3270,2773,1388,958,1510,1526,1
447,914,647,1865,3173,2723,1326,1040,1475,2014,1
426,1024,513,1593,2764,2308,1193,1068,1632,1698,1
501,1067,665,1878,3126,2652,1434,1177,1617,1822,1
356,766,475,1600,3022,2560,1157,928,1373,1451,1
373,785,548,1723,2640,2508,1259,938,1294,1510,1
510,961,707,1726,2796,2419,1442,1146,1640,1953,1
497,984,691,2052,2925,2941,1488,1205,1662,1989,1
378,878,510,2086,3884,3530,1458,1085,1747,1832,1
457,995,523,1682,2880,2504,1339,1183,1708,1849,1
500,856,662,1834,2925,2628,1470,1111,1476,1798,1
351,878,564,1700,3090,2542,1229,933,1322,1482,1
557,947,650,1632,2472,2148,1211,1057,1368,2118,1
386,851,537,1794,3524,2701,1260,992,1425,1404,1
390,888,528,1885,3663,3071,1317,992,1491,1555,1
488,945,666,1915,3141,2807,1433,1119,1547,1994,1
412,855,573,1692,2536,2412,1303,1017,1318,1619,1
343,812,443,1787,3203,2711,1364,919,1545,1522,1
383,945,483,1489,2708,2234,1133,1049,1385,2111,1
365,733,538,1685,2786,2548,1184,906,1275,1540,1
520,1115,746,2270,3161,3141,1756,1282,1932,2077,1
428,945,611,1867,3378,3017,1450,1039,1580,1698,1
263,764,456,1855,2979,3047,1385,950,1776,1405,1
417,779,610,1783,2934,2520,1319,867,1320,1416,1
435,827,597,1776,2754,2683,1324,1014,1575,1655,1
638,1157,787,1933,3049,2646,1504,1282,1708,2131,1
346,817,524,1943,3577,3100,1384,984,1503,1552,1
384,764,482,1799,3289,3013,1259,941,1487,1622,1
420,992,607,1892,3657,2852,1383,994,1433,1917,1
330,745,490,1972,3385,3024,1379,972,1495,1548,1
502,1014,676,1600,2573,2341,1235,1110,1493,1791,1
448,999,642,2004,3506,3049,1489,1224,1531,2040,1
520,937,642,1837,2993,2667,1214,1084,1336,1966,1
480,857,679,1906,3055,2615,1292,1032,1364,1824,1
543,1131,717,1973,3302,2702,1484,1355,1736,1953,1
444,895,588,1911,2701,2665,1522,1128,1662,1793,1
339,822,475,1665,3186,2675,1372,902,1518,1501,1
480,928,657,1750,2803,2726,1406,1118,1535,1843,1
478,1097,714,2049,3505,3116,1485,1138,1743,1994,1
496,860,552,1579,2517,2301,1172,1004,1256,1703,1
289,727,385,1635,2875,2743,1189,834,1481,1351,1
462,995,574,1753,3643,3076,1353,1154,1574,1926,1
451,882,618,1874,3047,2711,1292,997,1495,1648,1
479,912,694,1946,2926,2566,1399,1116,1563,1739,1
399,914,575,1897,3232,2878,1368,1059,1523,1575,1
439,838,525,1836,2936,2619,1224,973,1313,1557,1
396,896,526,1690,3340,2657,1258,1030,1331,1576,1
525,950,726,1864,3050,2657,1277,1049,1497,1781,1
389,763,565,1951,3236,2831,1332,988,1406,1667,1
371,821,513,1616,2935,2611,1206,964,1244,1768,1
536,1043,687,1695,2626,2457,1370,1145,1526,2255,1
684,1255,905,2359,3646,3262,1673,1438,1915,2281,1
426,957,475,1622,2958,2474,1299,1061,1562,1746,1
390,886,528,1936,3019,2684,1552,1031,1759,1709,1
343,876,481,1827,2939,2748,1305,923,1481,1537,1
553,1002,690,1789,3057,2430,1288,1089,1474,1766,1
402,840,603,1951,3564,2825,1352,1005,1405,1488,1
392,953,567,1976,3785,3175,1349,1054,1718,1660,1
450,880,607,1648,3093,2542,1109,890,1350,1641,1
429,913,608,1732,2395,2542,1345,957,1409,1830,1
582,962,736,1621,2536,2162,1284,1050,1387,1780,1
458,1125,584,1876,3249,2697,1321,1092,1546,2107,1
324,694,474,1688,3095,2760,1311,880,1364,1330,1
544,933,584,1502,2394,2159,1187,1014,1428,2115,1
406,880,531,1652,2762,2509,1206,1066,1271,1936,1
394,923,600,1740,3337,2695,1265,917,1303,1527,1
419,909,579,1862,3334,2780,1403,1009,1555,1694,1
473,961,610,1565,2608,2104,1164,995,1369,1717,1
329,766,512,1974,3495,3149,1308,863,1212,1520,1
381,865,563,1945,3466,3029,1469,998,1534,1594,1
502,937,649,1770,2785,2516,1338,1114,1632,1772,1
505,940,724,1891,2819,2629,1353,1134,1674,1819,1
533,1260,667,2270,3534,3362,1825,1458,2255,2276,1
381,947,545,2008,3600,3094,1491,1103,1636,1610,1
426,794,642,1838,2786,2560,1302,996,1372,1585,1
381,1078,512,1815,3156,2895,1335,1257,1978,1710,1
412,861,685,2166,4031,3217,1470,1126,1643,1571,1
271,729,422,1851,2821,2900,1307,981,1879,1412,1
490,1018,709,2062,3260,2819,1407,1082,1521,1760,1
495,923,711,1987,2921,2639,1399,1050,1504,1841,1
436,993,606,1953,2868,2784,1429,1073,1641,1833,1
271,746,487,1980,3352,2946,1205,899,1534,1322,1
445,927,602,1934,3363,2862,1508,1070,1638,1779,1
552,964,712,1879,2810,2560,1320,1082,1507,1889,1
503,884,651,1785,2686,2493,1382,1036,1358,1774,1
524,951,692,2033,3243,2768,1381,1079,1377,1877,1
330,818,481,1819,3323,2815,1340,950,1470,1477,1
342,849,513,1782,3082,2727,1373,1004,1472,1612,1
544,1019,712,2135,3680,3044,1477,1384,1674,2133,1
382,853,528,1973,3382,3156,1554,1040,1618,1630,1
357,792,598,2139,3720,3018,1436,976,1356,1484,1
392,883,498,1561,2913,2376,1186,999,1363,1509,1
335,891,466,1819,2920,2875,1376,990,1547,1601,1
431,943,652,1927,3486,2808,1384,961,1347,2141,1
435,962,524,1613,2870,2527,1169,1029,1413,1610,1
413,939,575,1974,3567,3026,1506,1064,1717,1711,1
387,872,572,2071,3806,3185,1356,1030,1452,1589,1
298,693,488,1765,3432,2779,1128,906,1240,1307,1
527,1012,688,1819,3111,2646,1313,1201,1593,1840,1
383,844,552,1710,3339,2837,1224,995,1584,1536,1
349,852,564,1945,3253,3022,1283,947,1525,1536,1
595,1018,710,1596,2544,2227,1371,1125,1506,2374,1
519,1084,813,2116,3112,2933,1505,1216,1576,1943,1
490,948,646,1937,3099,2678,1282,1078,1501,1765,1
430,966,568,1809,3002,2645,1151,1040,1391,2248,1
376,998,621,1886,3258,2749,1386,1025,1452,1501,1
376,870,495,1686,2749,2655,1245,863,1482,1439,1
506,852,586,1766,3206,2513,1204,963,1215,1577,1
356,810,471,1791,3143,2872,1175,925,1382,1415,1
493,1028,695,2018,3582,2919,1478,1165,1685,1821,1
377,903,558,1677,2923,2690,1272,976,1413,1632,1
473,1019,700,2147,3237,2909,1452,1074,1647,1852,1
478,949,593,1828,2641,2662,1462,1092,1630,1732,1
422,905,594,2140,3620,3212,1469,1090,1627,1649,1
472,1075,656,1807,3185,2506,1361,1117,1678,1873,1
467,1115,627,1749,3238,2624,1362,1238,1598,1962,1
415,885,586,1905,2993,2858,1266,1087,1638,1743,1
422,782,601,1688,3213,2607,1220,970,1267,1870,1
421,900,597,1759,2973,2566,1290,957,1380,1617,1
450,987,634,2060,3786,3127,1512,1208,1704,1804,1
339,831,516,1771,3366,2941,1254,975,1309,1773,1
354,849,480,1923,3131,2937,1345,973,1514,1574,1
581,1123,756,1824,2935,2477,1467,1171,1569,2289,1
384,847,529,1848,3481,2807,1438,998,1628,1584,1
538,1070,798,2160,3201,2889,1490,1253,1724,1971,1
407,837,467,1743,3065,2789,1423,1052,1720,1625,1
531,969,687,1932,3299,2886,1453,1175,1576,1974,1
570,1008,665,1662,2958,2450,1198,1125,1417,1815,1
446,937,689,2337,3846,3246,1480,1108,1560,1759,1
324,792,433,1937,3706,3318,1410,1050,1600,1576,1
432,862,617,1823,3098,2790,1471,1055,1536,1694,1
406,846,543,1902,2964,2743,1319,1106,1455,1880,1
410,953,650,2035,3547,2701,1234,932,1443,1581,1
364,809,532,1754,3210,2631,1092,896,1272,1534,1
402,964,534,1764,3291,2600,1246,1021,1296,1556,1
463,1065,635,2168,4074,3352,1568,1226,1825,1801,1
458,1030,662,2150,3660,3251,1554,1173,1788,1896,1
416,964,617,2195,3834,3281,1378,1109,1659,1659,1
454,958,598,1801,3020,2589,1328,1106,1439,1896,1
422,930,535,2101,3748,3215,1542,1128,1763,1616,1
527,1047,789,1985,2905,2752,1522,1272,1430,2216,1
455,952,698,2131,3365,2999,1478,1077,1589,1780,1
366,845,512,1903,3241,2939,1268,972,1448,1738,1
473,1010,689,2036,3271,2766,1562,1074,1672,1835,1
496,1094,692,1970,3262,2753,1427,1177,1496,2273,1
473,984,762,2236,3595,3155,1529,1223,1645,1786,1
338,903,562,2042,3859,3227,1466,1018,1454,1641,1
722,1243,833,1933,2747,2606,1582,1420,2039,2299,1
493,853,658,1723,2792,2306,1164,927,1257,1567,1
442,1121,614,1797,3199,2491,1412,1171,1689,1940,1
518,1077,715,1757,3109,2355,1420,1218,1594,1924,1
309,851,452,1641,2917,2559,1341,921,1444,1473,1
541,995,702,1764,2811,2498,1297,1142,1582,1914,1
367,962,515,2116,3915,3546,1623,1064,1753,1709,1
623,1062,703,1847,2729,2699,1377,1213,1861,2056,1
371,870,513,1911,3315,2711,1406,1004,1487,1526,1
417,937,543,1723,3025,2706,1350,1038,1504,1697,1
593,1026,757,1697,2520,2226,1342,1154,1534,1974,1
455,916,612,1721,3026,2394,1303,1083,1477,1713,1
579,1023,768,1901,2908,2667,1458,1183,1575,1993,1
479,873,701,1975,3243,2906,1430,1042,1421,1610,1
470,956,720,2231,3594,3131,1555,1124,1681,1862,1
435,934,561,1724,2849,2734,1262,1058,1618,1737,1
445,959,607,1795,2910,2641,1381,1037,1521,1800,1
524,993,560,1748,2968,2637,1384,1198,1626,2136,1
479,1108,642,2207,4186,3362,1657,1369,1956,1822,1
518,1226,716,1933,3547,2787,1456,1285,1722,2267,1
573,1089,828,2052,3215,2942,1631,1298,1813,2265,1
525,934,640,1615,2602,2295,1302,1040,1485,1772,1
377,901,502,1458,2760,2329,1171,929,1279,1518,1
418,991,570,1668,3241,2582,1298,1086,1438,1836,1
315,706,420,1655,3350,2775,1172,878,1196,1333,1
472,1060,666,1955,3010,2786,1576,1189,1736,1980,1
391,932,567,1631,3047,2605,1217,1033,1509,1641,1
353,798,453,1668,3061,2786,1263,1065,1415,1502,1
364,856,553,1826,3658,2831,1241,910,1359,1482,1
362,889,486,1609,3094,2521,1106,986,1550,1657,1
492,1149,628,1731,3307,2513,1293,1272,1588,1837,1
399,827,651,1774,2804,2599,1207,902,1210,1487,1
485,1104,708,2147,3631,3122,1530,1244,1665,2354,1
496,970,656,1648,2675,2467,1340,1028,1514,1785,1
322,843,467,1914,3304,2865,1305,940,1589,1631,1
442,953,610,1924,2978,2868,1466,1162,1644,1825,1
542,1207,741,2332,3232,3223,1799,1350,2126,2236,1
448,821,614,1593,2502,2385,1274,963,1219,1681,1
558,1075,800,1948,3405,2622,1286,1157,1503,1961,1
496,1113,608,1948,3399,2860,1334,1280,1715,1839,1
553,1065,707,1901,2862,2499,1300,1122,1551,2190,1
439,1022,585,2151,3776,3255,1536,1213,1861,1850,1
511,1023,683,1821,3085,2724,1378,1206,1653,1912,1
413,890,569,1881,2826,2648,1431,1027,1533,1632,1
416,953,546,1957,2862,2737,1505,1129,1692,1697,1
348,897,533,2102,3660,3216,1464,1076,1557,1713,1
429,1074,692,2153,3985,3019,1504,1132,1602,1765,1
394,882,544,1799,2595,2626,1329,990,1622,1674,1
344,778,486,1777,3036,2647,1474,950,1397,1495,1
369,771,524,1782,3040,2502,1208,899,1284,1481,1
550,1089,709,2229,3349,3085,1593,1298,1776,2070,1
321,739,396,1761,3685,2906,1204,925,1442,1371,1
470,968,669,1795,2756,2562,1434,1118,1720,1808,1
389,862,462,1667,3034,2587,1019,977,1371,1477,1
333,783,455,1786,3484,2880,1169,910,1318,1402,1
526,1219,669,2058,3773,2915,1484,1290,1739,1922,1
447,875,652,2286,4239,3342,1584,1193,1665,1625,1
472,970,712,2007,2957,2728,1443,1008,1491,1700,1
417,944,623,1754,2633,2450,1414,1095,1293,2017,1
633,1129,808,2023,3177,2800,1574,1330,1837,2084,1
523,1026,786,2049,3450,2752,1475,1213,1458,2242,1
414,887,533,1876,3343,3021,1372,1114,1664,1766,1
321,767,429,1713,3501,2837,1060,869,1327,1255,1
331,760,488,1723,3174,2737,1267,893,1318,1349,1
437,994,576,1717,3056,2675,1250,1049,1530,1692,1
382,911,532,1574,2852,2201,1076,866,1187,1871,1
474,1027,700,1976,3411,2865,1322,1184,1510,1678,1
491,1044,692,1833,3361,2596,1404,1145,1518,1788,1
355,781,482,1641,2664,2487,1281,907,1424,1548,1
602,1048,712,1760,3055,2446,1270,1108,1535,1908,1
552,1058,653,1892,3125,2846,1445,1186,1699,2036,1
410,833,590,1870,2981,2859,1376,1024,1346,1653,1
423,983,568,1589,2956,2202,1127,959,1303,1930,1
364,864,465,1914,3555,3019,1317,1010,1594,1492,1
336,810,539,1874,2922,2940,1262,842,1460,1415,1
467,1030,576,1786,3320,2796,1234,1044,1623,1622,1
700,1260,922,1987,3077,2598,1591,1431,1663,2521,1
412,944,573,1742,3302,2798,1321,1147,1627,1978,1
658,1037,821,1841,2832,2617,1542,1252,1691,2154,1
399,970,570,2112,3706,3483,1775,1056,1707,1766,1
438,981,568,2135,3552,3113,1286,1112,1652,1846,1
379,813,541,1754,3034,2601,1362,923,1435,1465,1
515,1038,585,1678,2931,2356,1257,1132,1386,2290,1
310,649,546,1611,3123,2661,1229,779,1115,1249,1
411,930,569,1734,3057,2862,1348,1092,1517,1669,1
442,1046,602,1716,3520,2508,1214,1148,1268,1836,1
405,955,601,2022,3522,3037,1507,1119,1457,1690,1
465,1100,617,1678,2837,2341,1380,1106,1564,1732,1
494,918,628,1703,2673,2527,1369,1118,1460,1766,1
239,747,409,1851,2937,3020,1341,957,1730,1401,1
330,843,472,1707,2774,2794,1268,984,1400,1824,1
504,904,732,2032,3252,2861,1432,1018,1590,1713,1
375,836,575,1888,2883,2683,1400,980,1302,1596,1
544,1002,739,1861,3190,2708,1415,1164,1632,1936,1
386,841,546,1724,3175,2522,1077,938,1308,1448,1
525,1015,773,2183,3351,2954,1546,1152,1588,2400,1
456,1041,583,1873,3018,2904,1385,1162,1852,1854,1
409,831,528,1717,3313,2717,1224,985,1289,1545,1
331,769,434,1815,3787,3258,1341,945,1422,1460,1
386,1024,524,1703,3479,2524,1241,975,1358,1692,1
400,983,538,1535,2905,2248,1170,989,1379,1593,1
456,1055,598,1776,2866,2692,1461,1101,1697,2311,1
431,893,556,1707,3251,2692,1189,997,1502,1602,1
434,979,551,1658,2923,2441,1247,1089,1570,1608,1
580,1061,809,1967,2939,2535,1371,1179,1396,2551,1
435,899,655,1807,2994,2505,1171,981,1283,1489,1
263,789,498,2003,2974,2868,1134,973,1522,1403,1
494,1004,696,2176,3712,3186,1740,1167,1899,1782,1
500,968,727,1990,2743,2817,1523,1138,1679,1875,1
458,990,567,1718,3365,2590,1211,1052,1460,1757,1
461,1011,626,1785,2969,2569,1386,1087,1448,1725,1
491,909,653,1685,2612,2366,1296,1074,1278,2000,1
334,773,524,1671,2647,2404,1308,888,1278,1629,1
473,966,647,1589,2566,2163,1198,1040,1442,1767,1
229,682,372,1612,3136,2805,1122,751,1371,1218,1
491,943,670,1891,3189,2758,1391,1069,1545,1801,1
411,863,576,1708,3212,2598,1224,1035,1444,1508,1
402,878,606,1694,3363,2752,1291,981,1499,1679,1
413,820,604,1780,2731,2451,1300,966,1413,1682,1
496,1084,633,1746,2934,2520,1486,1172,1652,1787,1
392,947,497,1659,2996,2517,1143,941,1240,1975,1
364,808,545,1837,2960,2715,1365,908,1431,1527,1
375,917,564,2021,3713,3141,1401,1045,1563,1516,1
436,1041,580,1659,2794,2376,1199,1046,1581,1743,1
497,1158,631,1735,3355,2587,1166,1143,1310,1973,1
417,961,558,1579,2627,2304,1189,1114,1373,1684,1
490,996,684,2197,3593,3096,1464,1178,1639,1883,1
386,912,582,2060,3754,3100,1406,1077,1461,1642,1
352,905,538,1773,3536,2675,1205,978,1335,1645,1
433,940,527,1577,3109,2371,1178,1003,1314,1498,1
436,892,609,1935,2818,2648,1360,1050,1581,1647,1
459,915,619,1865,3774,2925,1303,1018,1365,1617,1
438,850,591,1726,3131,2644,1288,1040,1371,1615,1
552,1061,765,2001,3095,2699,1556,1291,1735,2013,1
426,825,640,1944,3278,2874,1368,993,1362,1601,1
641,1136,734,1813,2356,2565,1563,1349,1813,2314,1
552,1086,609,1602,2338,2223,1281,1136,1654,2039,1
431,970,561,1696,3339,2579,1239,1131,1506,2028,1
477,852,680,1731,2595,2493,1267,945,1281,1657,1
741,1248,855,2067,3079,2783,1684,1467,2035,2399,1
604,988,715,1830,2692,2488,1343,1141,1514,1931,1
548,988,733,1733,2770,2362,1327,1048,1461,1957,1
380,934,573,2184,4082,3418,1591,1139,1768,1752,1
517,1006,750,2008,3399,2880,1526,1134,1387,2223,1
444,1020,568,1810,2652,2582,1259,1207,1514,2225,1
557,1122,665,1908,3402,2525,1334,1267,1479,2129,1
440,996,594,1797,3054,2659,1309,1150,1637,1802,1
431,1028,540,1805,2826,2620,1338,1096,1604,1706,1
559,1009,776,1952,3223,2676,1424,1146,1438,1982,1
424,965,576,1778,3242,2651,1297,1052,1479,1656,1
433,966,594,2150,3892,3259,1720,1135,1828,1873,1
459,1017,546,1824,3193,2733,1438,1078,1755,1878,1
526,1112,658,1905,3408,2877,1372,1308,1564,1902,1
449,925,617,1910,2996,2635,1312,939,1384,2108,1
439,935,560,1612,2757,2377,1279,1004,1577,1796,1
420,881,673,1653,2807,2439,1263,1029,1346,1641,1
477,915,648,1836,3278,2522,1226,957,1326,1638,1
478,1170,642,2357,3339,3421,1872,1424,2223,2074,1
403,967,486,1600,2831,2354,1253,933,1538,2000,1
536,1085,688,1736,2578,2512,1379,1139,1577,2447,1
473,940,676,1769,2714,2375,1352,1039,1485,1793,1
484,1025,687,2123,3284,2963,1563,1161,1742,1996,1
505,976,719,2072,3460,3038,1567,1166,1710,2059,1
612,1033,686,1946,3208,2714,1439,1204,1683,1920,1
334,725,447,1605,3184,2582,1185,817,1292,1401,1
